company_id,exit,acquired,ipo
63842,0,0,0
885,0,0,0
149002,0,0,0
135,0,0,0
235851,0,0,0
12674,1,1,0
149149,0,0,0
277584,0,0,0
170214,0,0,0
241060,0,0,0
259998,0,0,0
85640,0,0,0
55585,0,0,0
42193,0,0,0
158167,0,0,0
256146,1,1,0
47215,0,0,0
76132,0,0,0
63599,0,0,0
164740,0,0,0
142907,0,0,0
230770,0,0,0
26979,0,0,0
43214,0,0,0
226198,0,0,0
38738,0,0,0
261710,0,0,0
49906,0,0,0
64210,0,0,0
104591,0,0,0
31656,0,0,0
268538,0,0,0
235904,1,0,0
34049,0,0,0
156996,0,0,0
279174,0,0,0
71000,0,0,0
2659,0,0,0
67723,0,0,0
10561,0,0,0
215480,0,0,0
234198,0,0,0
42922,0,0,0
72248,0,0,0
31387,0,0,0
146831,1,1,0
149809,0,0,0
147231,0,0,0
231900,0,0,0
198875,0,0,0
286101,0,0,0
226079,0,0,0
153293,0,0,0
65007,1,1,0
208860,0,0,0
26453,0,0,0
11944,0,0,0
18077,0,0,0
275147,0,0,0
184217,0,0,0
177620,0,0,0
245901,0,0,0
32526,0,0,0
681,0,0,0
18127,1,0,0
272422,1,1,0
47178,0,0,0
12190,0,0,0
199959,1,0,0
231919,1,1,0
256314,0,0,0
33438,0,0,0
239400,0,0,0
195056,0,0,0
260429,0,0,0
244442,0,0,0
152441,0,0,0
38466,1,1,0
218662,1,0,0
250,0,0,0
261848,0,0,0
26887,0,0,0
3833,1,0,0
64743,0,0,0
161582,1,0,0
245778,0,0,0
71,0,0,0
235007,0,0,0
2434,0,0,0
153526,0,0,0
182133,0,0,0
82815,0,0,0
24188,0,0,0
154684,1,1,0
280756,1,1,0
226252,0,0,0
279204,1,1,0
265408,0,0,0
69814,0,0,0
209428,0,0,0
64957,0,0,0
59599,0,0,0
244492,0,0,0
86014,0,0,0
175827,1,0,0
8297,0,0,0
168266,0,0,0
87079,0,0,0
229328,0,0,0
90349,1,1,0
40903,0,0,0
36434,0,0,0
66506,0,0,0
202791,0,0,0
244045,0,0,0
190649,0,0,0
182487,0,0,0
72006,0,0,0
195968,1,0,0
231400,0,0,0
73251,1,1,0
252903,0,0,0
170600,0,0,0
4991,0,0,0
231733,0,0,0
240869,0,0,0
25815,0,0,0
185697,0,0,0
56180,1,1,0
52406,0,0,0
62072,0,0,0
49331,0,0,0
220208,0,0,0
181339,0,0,0
55934,0,0,0
225273,0,0,0
14781,0,0,0
61746,0,0,0
169123,1,0,0
40680,0,0,0
162904,0,0,0
25416,0,0,0
167172,0,0,0
139031,0,0,0
79112,1,0,0
204546,0,0,0
234736,0,0,0
68370,0,0,0
73593,1,0,1
247616,0,0,0
24050,1,0,0
276689,0,0,0
71877,0,0,0
51363,0,0,0
38941,0,0,0
149278,0,0,0
21529,1,0,0
254285,0,0,0
161879,0,0,0
263172,0,0,0
278793,0,0,0
45604,0,0,0
162569,0,0,0
61625,1,0,1
280419,0,0,0
15963,0,0,0
160697,1,1,0
3793,0,0,0
247849,1,1,0
46468,0,0,0
263914,0,0,0
146112,1,0,0
225444,0,0,0
140823,1,0,0
31389,0,0,0
244505,0,0,0
60696,0,0,0
257472,0,0,0
26066,0,0,0
21865,1,1,0
29364,0,0,0
63884,0,0,0
126839,0,0,0
18306,0,0,0
27722,0,0,0
257488,0,0,0
31928,1,1,0
44027,1,1,0
267575,0,0,0
52258,0,0,0
221521,0,0,0
54959,0,0,0
1078,0,0,0
71191,0,0,0
267950,0,0,0
225094,0,0,0
63163,0,0,0
79421,0,0,0
16611,1,1,0
165127,0,0,0
9786,1,0,0
104193,0,0,0
46027,0,0,0
286094,0,0,0
30944,0,0,0
28896,0,0,0
57970,0,0,0
167373,0,0,0
179184,0,0,0
75708,0,0,0
12518,1,0,0
80690,0,0,0
179507,0,0,0
159887,0,0,0
271470,1,0,0
233850,1,1,0
7293,1,1,0
14519,0,0,0
18336,0,0,0
214192,0,0,0
61932,0,0,0
279375,0,0,0
72572,0,0,0
143439,0,0,0
74484,1,0,0
276716,0,0,0
217037,0,0,0
229420,0,0,0
230482,1,1,0
130357,0,0,0
225101,0,0,0
38337,0,0,0
75246,0,0,0
34527,1,1,0
279537,0,0,0
265368,1,1,0
230708,0,0,0
4282,0,0,0
50995,1,1,0
212794,0,0,0
39593,0,0,0
209017,0,0,0
74019,0,0,0
62275,0,0,0
37235,0,0,0
34181,0,0,0
23664,0,0,0
66621,1,1,0
264458,1,1,0
147546,1,1,0
271950,0,0,0
1846,0,0,0
177996,0,0,0
153282,0,0,0
20686,0,0,0
84777,1,0,0
166694,0,0,0
48210,0,0,0
4303,0,0,0
28552,0,0,0
52388,0,0,0
30059,0,0,0
44267,0,0,0
257920,0,0,0
75293,0,0,0
18097,1,1,0
182153,0,0,0
35172,0,0,0
157573,0,0,0
283491,0,0,0
211219,1,1,0
284325,0,0,0
26057,0,0,0
262884,0,0,0
48796,0,0,0
54910,1,0,0
137151,0,0,0
177801,0,0,0
56243,0,0,0
81743,0,0,0
76654,0,0,0
46282,0,0,0
203151,0,0,0
55161,0,0,0
26849,0,0,0
160077,0,0,0
18703,0,0,0
70692,0,0,0
146770,0,0,0
207379,0,0,0
211209,0,0,0
270518,1,1,0
30981,1,0,0
14500,1,1,0
265272,1,1,0
56068,0,0,0
258054,0,0,0
143128,0,0,0
63898,0,0,0
52204,0,0,0
67903,1,1,0
5694,0,0,0
59753,0,0,0
145184,1,1,0
285747,0,0,0
71914,0,0,0
264181,0,0,0
59046,0,0,0
215502,0,0,0
252443,0,0,0
203183,0,0,0
16964,0,0,0
142134,0,0,0
138809,0,0,0
214517,0,0,0
7994,1,1,0
67508,0,0,0
191691,0,0,0
7715,0,0,0
80965,0,0,0
165847,0,0,0
154057,0,0,0
5744,0,0,0
259295,0,0,0
33606,0,0,0
66333,0,0,0
142587,0,0,0
182080,0,0,0
10117,0,0,0
50204,0,0,0
62621,0,0,0
102576,1,1,0
131537,0,0,0
26563,0,0,0
42069,0,0,0
65069,1,1,0
248254,0,0,0
43562,0,0,0
158244,1,1,0
8248,1,0,0
52260,1,0,0
51406,1,0,0
192570,0,0,0
44618,0,0,0
152125,0,0,0
29513,0,0,0
56584,0,0,0
19325,0,0,0
6446,0,0,0
60038,0,0,0
47475,1,1,0
55260,0,0,0
81343,0,0,0
266918,1,1,0
265679,0,0,0
279068,0,0,0
5029,0,0,0
207963,0,0,0
61526,0,0,0
69661,0,0,0
269758,0,0,0
74778,0,0,0
200231,0,0,0
181675,0,0,0
3125,0,0,0
63788,1,1,0
201754,1,0,0
203441,0,0,0
75936,0,0,0
10970,0,0,0
63774,0,0,0
15144,0,0,0
4670,0,0,0
83227,1,0,0
175037,1,1,0
17502,1,1,0
55557,0,0,0
18804,0,0,0
24156,0,0,0
70828,0,0,0
100840,0,0,0
269250,0,0,0
190167,0,0,0
177676,0,0,0
173462,0,0,0
221032,0,0,0
24990,1,1,0
22726,0,0,0
218012,0,0,0
151847,1,0,0
179099,0,0,0
26114,0,0,0
191560,0,0,0
2494,1,1,0
208255,0,0,0
12298,0,0,0
243222,0,0,0
24262,0,0,0
18136,0,0,0
18250,0,0,0
34341,0,0,0
75336,1,1,0
265192,0,0,0
226705,0,0,0
184073,0,0,0
27013,0,0,0
74441,0,0,0
258089,0,0,0
151731,0,0,0
163514,1,1,0
23930,0,0,0
249806,0,0,0
36660,0,0,0
179562,0,0,0
55804,0,0,0
261659,0,0,0
162439,0,0,0
189078,0,0,0
199666,1,0,0
183206,0,0,0
222302,0,0,0
200993,0,0,0
283649,0,0,0
75127,0,0,0
25794,0,0,0
38098,1,0,1
216872,0,0,0
260814,0,0,0
139558,0,0,0
146024,0,0,0
260951,0,0,0
269410,0,0,0
185711,1,1,0
211417,0,0,0
185170,0,0,0
180627,1,0,0
10928,0,0,0
31711,0,0,0
279133,0,0,0
161547,0,0,0
164311,0,0,0
58249,0,0,0
64321,1,1,0
13132,1,0,0
32778,1,1,0
195800,0,0,0
45393,0,0,0
206138,0,1,0
268698,0,0,0
58185,0,0,0
66644,0,0,0
66635,0,0,0
146819,0,0,0
118805,1,1,0
235337,0,0,0
16011,0,0,0
64724,0,0,0
151582,1,1,0
640,0,0,0
25789,1,1,0
201129,0,0,0
257180,0,0,0
59904,0,0,0
298,0,0,0
6012,0,0,0
182750,0,0,0
8931,0,0,0
84053,1,1,0
187261,0,0,0
59577,0,0,0
156036,1,0,0
49630,0,0,0
205317,0,0,0
176205,0,0,0
29327,0,0,0
38996,0,0,0
73711,0,0,0
46209,0,0,0
257250,1,0,0
193918,0,0,0
32118,1,0,0
52509,1,0,0
57747,0,0,0
62642,0,0,0
178378,1,0,0
229491,0,0,0
46835,0,0,0
161603,0,0,0
197351,0,0,0
139861,0,0,0
262705,0,0,0
60884,0,0,0
74956,0,0,0
168211,0,0,0
57536,0,0,0
100189,0,0,0
23419,0,0,0
6048,0,0,0
50343,0,0,0
277981,0,0,0
34486,0,0,0
58131,0,0,0
221598,0,0,0
17511,0,0,0
38039,0,0,0
140524,0,0,0
25621,0,0,0
81191,0,0,0
111703,0,0,0
62725,0,0,0
72730,0,0,0
1475,0,0,0
268075,0,0,0
216384,1,1,0
61537,1,1,0
61260,0,0,0
1198,0,0,0
17335,0,0,0
141339,0,0,0
47099,0,0,0
39323,0,0,0
245495,0,0,0
61527,1,1,0
211494,0,0,0
35511,0,0,0
43875,1,0,0
188845,0,0,0
16435,0,0,0
284193,0,0,0
21924,0,0,0
157950,0,0,0
239493,0,0,0
272307,0,0,0
51563,0,0,0
263211,0,0,0
48668,0,0,0
11715,0,0,0
266098,0,0,0
84497,0,0,0
213528,1,1,0
38067,0,0,0
13888,0,0,0
243268,0,0,0
234048,0,0,0
225726,1,0,0
63870,0,0,0
189518,1,0,0
253235,0,0,0
277067,0,0,0
263954,0,0,0
225668,1,1,0
272227,0,0,0
47058,0,0,0
245992,0,0,0
167000,0,0,0
234064,0,0,0
269669,0,0,0
249890,0,0,0
141707,0,0,0
182310,0,0,0
189733,0,0,0
236381,0,0,0
173925,0,0,0
149031,0,0,0
181418,0,0,0
22271,0,0,0
61999,0,0,0
197969,0,0,0
1401,0,0,0
50126,0,0,0
243737,0,0,0
50379,0,0,0
285065,0,0,0
51230,0,0,0
60222,0,0,0
38253,0,0,0
218262,0,0,0
272074,0,0,0
268020,0,0,0
205230,0,0,0
13204,0,0,0
21232,1,1,0
18439,0,0,0
183220,0,0,0
188033,0,0,0
64726,0,0,0
8538,0,0,0
161466,0,0,0
253839,0,0,0
3408,0,0,0
37662,0,0,0
12878,0,0,0
51025,0,0,0
232082,0,0,0
3169,0,0,0
62290,0,0,0
276408,0,0,0
246901,0,0,0
163042,0,0,0
43121,0,0,0
249386,0,0,0
174183,0,0,0
199783,0,0,0
149062,1,0,0
267882,0,0,0
194994,0,0,0
142556,1,0,0
50692,0,0,0
175009,0,0,0
18319,0,0,0
63768,0,0,0
211984,0,0,0
280402,1,1,0
40322,0,0,0
70064,0,0,0
37952,0,0,0
231899,0,0,0
26242,0,0,0
142492,0,0,0
275794,0,0,0
12903,0,0,0
79009,0,0,0
206161,0,0,0
136471,1,1,0
213201,0,0,0
2453,0,0,0
191094,0,0,0
61554,1,1,0
77161,0,0,0
42058,0,0,0
177975,0,0,0
263148,1,1,0
84847,0,0,0
64823,0,0,0
256621,0,0,0
229412,0,0,0
61386,0,0,0
44822,0,0,0
21982,0,0,0
79475,0,0,0
199265,0,0,0
31462,0,0,0
34496,0,0,0
191022,0,0,0
254996,0,0,0
81578,0,0,0
258018,1,0,0
162016,0,0,0
396,0,0,0
195631,0,0,0
269742,1,1,0
223708,1,1,0
100991,0,0,0
30554,0,0,0
58067,0,0,0
17510,0,0,0
13684,0,0,0
28922,0,0,0
85481,0,0,0
185089,1,0,0
25574,0,0,0
218736,0,0,0
47485,1,1,0
39258,1,0,0
42920,0,0,0
241626,0,0,0
30360,0,0,0
46604,0,0,0
257313,0,0,0
13943,0,0,0
26277,0,0,0
27285,0,0,0
22367,0,0,0
60729,0,0,0
172670,0,0,0
285385,0,0,0
252308,0,0,0
178776,1,0,0
263436,0,0,0
42074,1,1,0
63784,1,1,0
48483,0,0,0
220385,0,0,0
83375,0,0,0
144650,0,0,0
142015,0,0,0
9256,0,0,0
157562,0,0,0
55421,0,0,0
34443,0,0,0
242346,0,0,0
19998,0,0,0
250268,0,0,0
2553,0,0,0
177222,0,0,0
40066,0,0,0
3290,0,0,0
210310,0,0,0
218410,0,0,0
190575,0,0,0
65688,0,0,0
55413,0,0,0
13968,0,0,0
16089,1,0,0
153133,1,1,0
217065,0,0,0
51063,0,0,0
169715,0,0,0
54631,0,0,0
281327,0,0,0
241317,0,0,0
29693,0,0,0
187743,0,0,0
255050,0,0,0
32542,0,0,0
12460,0,0,0
160568,1,1,0
6527,0,0,0
231152,1,0,1
193535,1,0,1
213198,0,0,0
257831,0,0,0
39620,0,0,0
38762,0,0,0
25013,0,0,0
29588,1,1,0
376,1,1,0
39596,1,1,0
20059,0,0,0
64495,0,0,0
61873,0,0,0
66628,1,1,0
12421,0,0,0
63053,0,0,0
84001,0,0,0
221439,0,0,0
67458,0,0,0
30911,0,0,0
68766,0,0,0
69451,0,0,0
9679,0,0,0
200529,0,1,0
178634,1,1,0
13954,0,0,0
671,0,0,0
239363,0,0,0
274011,0,0,0
251923,0,0,0
19326,0,0,0
249994,1,0,0
159819,0,0,0
64861,0,0,0
60805,0,0,0
33739,0,0,0
33643,0,0,0
273556,0,0,0
39040,0,0,0
204257,0,0,0
227699,0,0,0
61757,0,0,0
285006,0,0,0
145374,0,0,0
218000,0,0,0
85409,1,1,0
245907,0,0,0
201032,1,0,0
282429,0,0,0
159224,0,0,0
61919,1,0,0
210950,0,0,0
41180,0,0,0
53540,0,0,0
180030,1,1,0
150928,0,0,0
212726,1,1,0
238160,0,0,0
210241,0,0,0
5031,1,0,0
260700,1,0,0
139460,0,0,0
266218,0,0,0
252937,0,0,0
173728,1,0,1
217878,0,0,0
211043,0,0,0
178396,0,0,0
171424,0,0,0
240716,0,0,0
243202,0,0,0
158905,0,0,0
26751,1,1,0
185478,0,0,0
251832,0,0,0
63994,0,0,0
41822,0,0,0
269672,0,0,0
13984,0,0,0
154419,0,0,0
250633,0,0,0
217056,0,0,0
177078,0,0,0
46383,1,1,0
242279,0,0,0
159881,0,0,0
215839,0,0,0
211058,0,0,0
62962,0,0,0
67326,0,0,0
55220,0,0,0
161883,0,0,0
77886,0,0,0
637,0,0,0
10199,0,0,0
231375,0,0,0
101436,0,0,0
41309,0,0,0
61533,0,0,0
80008,0,0,0
168721,0,0,0
2274,0,0,0
178077,0,0,0
174465,1,1,0
174041,0,1,0
283713,1,0,0
163818,0,0,0
142180,1,1,0
243592,1,0,0
170778,1,0,0
51262,0,0,0
177432,0,0,0
33685,1,1,0
13547,0,0,0
52944,1,0,0
63233,0,0,0
284220,0,0,0
210117,0,0,0
78264,0,0,0
176844,0,0,0
33597,0,0,0
213228,0,1,0
53333,1,1,0
198462,0,0,0
75454,0,0,0
44746,0,0,0
245614,0,0,0
49890,0,0,0
165407,0,0,0
191960,0,0,0
233315,0,0,0
258061,1,1,0
224161,0,0,0
152438,0,0,0
240938,0,0,0
41397,1,1,0
185525,0,0,0
40893,0,0,0
65131,0,0,0
230405,1,1,0
268332,1,1,0
13998,1,1,0
219772,1,1,0
238327,0,0,0
274213,1,1,0
5957,0,0,0
195516,0,0,0
154319,0,0,0
49028,0,0,0
141746,0,0,0
247100,0,0,0
213952,0,0,0
177933,1,0,0
109593,0,0,0
78633,1,0,0
2226,0,0,0
147732,0,0,0
46498,0,0,0
12598,1,0,0
257979,0,0,0
17987,1,1,0
84390,0,0,0
13919,0,0,0
241186,1,1,0
12177,0,0,0
231567,0,0,0
10942,0,0,0
243973,0,0,0
29933,0,0,0
839,0,0,0
25908,0,0,0
17161,0,0,0
62989,0,0,0
41104,0,0,0
46403,1,1,0
59842,0,0,0
3133,0,0,0
184725,0,0,0
76613,0,0,0
141728,0,0,0
257009,0,0,0
7594,0,0,0
271575,0,0,0
171673,0,0,0
104844,0,0,0
200488,0,0,0
142675,0,0,0
62145,0,0,0
279622,0,0,0
277580,0,0,0
175485,0,0,0
85650,0,0,0
11705,0,0,0
65198,0,0,0
16781,0,0,0
23078,0,0,0
170128,0,0,0
26900,0,0,0
158507,0,0,0
27868,1,0,0
602,1,1,0
21308,0,0,0
162571,0,0,0
11720,1,0,0
254390,1,0,0
32951,0,0,0
170321,0,0,0
549,0,0,0
171578,0,0,0
57476,0,0,0
143672,1,1,0
39877,0,0,0
5711,0,0,0
106788,0,0,0
42578,0,0,0
237786,0,0,0
166033,0,0,0
271070,0,0,0
155559,0,0,0
197574,0,0,0
68451,1,1,0
22715,0,0,0
282076,1,0,0
257917,1,1,0
153152,0,0,0
240399,0,0,0
206515,0,0,0
65945,0,0,0
271745,0,0,0
46,1,1,0
23372,0,0,0
50211,1,1,0
59112,0,0,0
209914,0,0,0
229885,0,0,0
160561,0,0,0
221950,0,0,0
283044,0,0,0
200251,0,0,0
69094,0,0,0
190116,1,1,0
235719,0,0,0
149007,0,0,0
208071,0,0,0
225836,0,0,0
153189,0,0,0
72113,0,0,0
171528,0,0,0
230688,0,0,0
163384,0,0,0
179162,0,0,0
151681,0,0,0
166541,0,0,0
16612,1,0,0
39155,0,0,0
160050,0,0,0
257737,0,0,0
36632,0,0,0
273946,0,0,0
185014,0,0,0
36858,0,0,0
9905,0,0,0
1413,0,0,0
53065,0,0,0
47321,0,0,0
84577,0,0,0
271350,0,1,0
25743,1,1,0
50801,0,0,0
27987,0,0,0
47166,0,0,0
256112,0,0,0
62776,0,0,0
58545,1,0,0
198837,0,0,0
201617,0,0,0
45636,0,0,0
147963,1,1,0
31479,0,0,0
158219,0,0,0
203103,0,0,0
250580,0,0,0
271047,0,0,0
71397,0,0,0
270339,0,0,0
128194,0,0,0
19246,0,0,0
11489,0,0,0
51645,0,0,0
46832,0,0,0
3658,0,0,0
172635,0,0,0
172347,0,0,0
79658,0,0,0
26071,0,0,0
241192,0,0,0
9831,1,1,0
193651,0,0,0
258045,0,0,0
42825,0,0,0
53885,1,1,0
283428,0,0,0
285024,0,0,0
205331,0,0,0
236056,0,0,0
160167,0,0,0
25584,0,0,0
155002,0,0,0
233442,0,0,0
54134,0,0,0
107465,1,0,0
282272,0,0,0
178058,0,0,0
174827,0,0,0
807,0,0,0
30970,1,1,0
28262,1,1,0
225280,0,0,0
60603,0,0,0
181362,0,0,0
282507,0,0,0
45275,0,0,0
230243,0,0,0
57393,0,0,0
23209,1,0,0
32997,0,0,0
177224,1,1,0
32498,1,0,0
26775,0,0,0
78422,1,1,0
10594,0,0,0
28782,0,0,0
215705,0,0,0
284286,1,1,0
64640,0,0,0
154135,0,0,0
255079,0,0,0
26160,0,0,0
49835,0,0,0
244128,0,0,0
67521,0,0,0
212747,1,0,0
154344,0,0,0
81486,0,0,0
176066,1,0,0
251638,0,0,0
23504,0,0,0
40703,1,0,0
25006,0,0,0
57999,0,0,0
254320,0,0,0
50732,0,0,0
55957,0,0,0
195966,0,0,0
23026,0,0,0
14477,0,0,0
29632,0,0,0
8704,0,0,0
24796,1,1,0
50337,0,0,0
135722,0,0,0
66554,0,0,0
228904,0,0,0
201407,0,0,0
63782,0,0,0
235312,0,0,0
64620,0,0,0
82090,0,0,0
44448,0,0,0
139542,0,0,0
29906,0,0,0
27880,1,0,0
264536,0,0,0
280323,0,0,0
74307,0,0,0
28537,0,0,0
25874,0,0,0
46294,0,0,0
74110,0,0,0
228960,0,0,0
11355,0,0,0
17864,0,0,0
217833,0,0,0
6899,0,0,0
17577,0,0,0
185564,0,0,0
68519,1,1,0
135000,0,0,0
189545,1,1,0
218058,0,0,0
72020,0,0,0
257949,0,0,0
66783,0,0,0
5688,1,1,0
152017,1,1,0
61206,1,1,0
15072,0,0,0
212200,1,0,0
39570,0,0,0
33423,1,0,0
62620,0,0,0
254318,1,0,0
51314,0,0,0
43167,0,0,0
219791,0,0,0
164928,0,0,0
62053,0,0,0
173277,0,0,0
23950,0,0,0
152700,1,0,1
62170,0,0,0
274246,0,0,0
49414,0,0,0
48671,1,1,0
254683,1,1,0
74555,0,0,0
236947,0,0,0
69340,0,0,0
67492,0,0,0
28729,0,0,0
10,0,0,0
42437,0,0,0
211666,0,0,0
29398,0,0,0
48627,0,0,0
228189,0,0,0
249835,1,1,0
156253,0,0,0
281107,0,0,0
254254,0,0,0
249194,0,0,0
160757,0,0,0
46650,0,0,0
23451,1,1,0
285376,0,0,0
20716,0,0,0
142923,0,0,0
29283,0,0,0
47636,0,0,0
17542,1,0,0
283,0,0,0
178830,1,0,0
2048,0,0,0
64003,0,0,0
827,0,0,0
825,0,0,0
231827,1,0,0
277665,0,0,0
166140,0,0,0
204545,0,0,0
245629,0,0,0
61528,0,0,0
15981,0,0,0
24455,0,0,0
26939,0,0,0
163947,0,0,0
277913,0,0,0
26388,0,0,0
63011,0,0,0
35870,0,1,0
57265,1,0,1
143521,0,0,0
19297,0,0,0
233989,1,0,1
43921,0,0,0
193514,0,0,0
78048,0,0,0
273440,0,1,0
173794,0,0,0
49336,1,0,0
153849,0,0,0
23675,0,0,0
257562,0,0,0
67756,0,0,0
4106,0,0,0
274367,1,1,0
56800,0,0,0
149652,0,0,0
211111,0,0,0
217720,0,0,0
158243,0,0,0
248197,0,0,0
39168,0,0,0
51420,0,0,0
174243,0,0,0
54077,1,0,0
268615,0,0,0
187170,0,0,0
222102,0,0,0
80668,0,0,0
26843,0,0,0
199667,0,0,0
26995,0,0,0
242564,0,0,0
199698,0,0,0
57877,0,0,0
41100,1,1,0
62413,0,0,0
85989,0,0,0
42236,0,0,0
174618,0,0,0
62012,0,0,0
249738,0,0,0
4630,0,0,0
45426,0,0,0
23241,0,0,0
61337,0,0,0
38164,1,1,0
217,0,0,0
51145,0,0,0
55187,0,0,0
29562,0,0,0
73517,0,0,0
200314,0,0,0
30971,0,0,0
256982,0,0,0
53852,0,0,0
12631,1,0,0
154783,0,0,0
246803,0,0,0
219169,0,0,0
263137,1,0,0
147807,0,0,0
245976,0,0,0
258060,0,0,0
168252,0,0,0
255171,0,0,0
11340,0,0,0
163730,0,0,0
194130,0,0,0
182761,0,0,0
33571,0,0,0
51222,0,0,0
20392,0,0,0
25633,0,0,0
29145,0,0,0
66104,0,0,0
18767,0,0,0
280785,0,0,0
198891,0,0,0
64894,0,0,0
154210,0,0,0
59849,0,0,0
23209,0,0,0
239267,0,0,0
220300,0,0,0
20313,0,0,0
258039,1,1,0
19688,0,0,0
2452,0,0,0
40038,0,0,0
55252,0,0,0
32202,1,1,0
282841,0,0,0
74190,1,1,0
37987,1,1,0
45002,0,0,0
70182,0,0,0
7807,0,0,0
37740,0,0,0
25419,0,0,0
256389,0,0,0
194705,0,0,0
31703,0,0,0
255814,0,0,0
281960,0,0,0
216697,0,0,0
23583,0,0,0
67832,0,0,0
278258,1,1,0
242422,0,0,0
182052,0,0,0
233189,0,0,0
171028,0,0,0
214884,0,0,0
48413,0,0,0
191500,1,0,0
4831,1,0,0
61715,0,0,0
30552,0,0,0
238437,0,0,0
43793,0,0,0
65059,0,0,0
66404,0,0,0
231382,0,0,0
60170,0,0,0
2234,1,0,1
17818,0,0,0
44340,0,0,0
1745,0,0,0
196530,0,0,0
277914,0,0,0
22994,0,0,0
262626,0,0,0
15896,1,1,0
200413,1,1,0
240195,1,0,0
21295,1,0,0
185843,0,0,0
35930,1,1,0
42215,0,0,0
12083,1,1,0
67965,1,1,0
262379,0,0,0
234553,1,0,1
175402,1,1,0
43368,0,0,0
57578,0,0,0
2415,0,0,0
250346,0,0,0
216195,0,0,0
77972,1,1,0
161605,0,0,0
268222,0,0,0
192394,0,0,0
84340,0,0,0
197950,1,1,0
204868,0,0,0
52586,1,0,0
219935,0,0,0
41700,0,0,0
329,1,1,0
268873,0,0,0
191806,0,0,0
226113,0,0,0
84693,0,0,0
15554,1,1,0
185302,0,0,0
225960,1,0,0
258042,0,0,0
44887,1,1,0
79738,0,0,0
191838,0,0,0
176843,0,0,0
20816,0,0,0
49709,0,0,0
62148,0,0,0
161130,1,1,0
155610,0,0,0
155896,0,0,0
197537,0,0,0
277395,0,0,0
80991,0,0,0
53108,0,0,0
183462,0,0,0
20445,0,0,0
275459,0,0,0
256384,0,0,0
52613,0,0,0
26613,0,0,0
205238,0,0,0
57413,0,0,0
71408,0,0,0
57917,0,0,0
63697,0,0,0
236257,0,0,0
244337,0,0,0
158203,0,0,0
223051,0,0,0
151854,0,0,0
14456,0,0,0
84424,0,0,0
36662,0,0,0
180304,0,0,0
38382,0,0,0
193332,0,0,0
79462,0,0,0
208043,1,1,0
1066,0,0,0
32144,1,1,0
145,0,0,0
183651,0,0,0
13876,0,0,0
159605,1,1,0
252921,0,0,0
226004,0,0,0
70135,0,0,0
45671,0,0,0
8231,0,0,0
27022,0,0,0
39410,0,0,0
73952,0,0,0
238103,0,0,0
263857,0,0,0
259573,0,0,0
1896,1,1,0
34609,0,0,0
262415,1,0,0
164718,0,0,0
8662,0,0,0
51694,0,0,0
145407,0,0,0
169860,0,0,0
60264,0,0,0
161132,0,0,0
7606,1,1,0
26809,0,0,0
24562,0,0,0
71675,0,0,0
270258,0,0,0
270976,0,0,0
144892,0,0,0
186041,0,0,0
45475,1,1,0
2507,0,0,0
57209,0,0,0
244815,0,0,0
85519,0,0,0
226508,1,1,0
174917,0,0,0
198154,1,1,0
274143,0,0,0
54403,0,0,0
71639,0,0,0
207225,1,1,0
209483,0,0,0
149258,0,0,0
58320,0,0,0
13781,0,0,0
220649,0,0,0
218933,0,0,0
234807,0,0,0
257489,0,0,0
43938,0,0,0
38387,1,1,0
5718,0,0,0
140822,0,0,0
53831,1,0,0
224410,0,0,0
2924,0,0,0
24860,0,0,0
253189,0,0,0
216762,0,0,0
275907,0,0,0
45027,1,0,1
45598,0,0,0
269768,0,0,0
102409,1,0,0
51136,0,0,0
173526,0,0,0
17100,0,0,0
181141,0,0,0
190871,1,1,0
17620,0,0,0
130055,0,0,0
2230,0,0,0
28789,0,0,0
240379,0,0,0
175964,0,0,0
63179,0,0,0
163397,0,0,0
209399,0,0,0
189194,0,0,0
178411,0,0,0
52186,0,0,0
104045,0,0,0
167188,0,0,0
148742,0,0,0
273766,0,0,0
234628,0,0,0
56821,0,0,0
191140,0,0,0
197996,0,0,0
247116,0,0,0
25907,0,0,0
43475,0,0,0
245196,1,1,0
25055,0,0,0
164287,0,0,0
195665,0,0,0
272727,0,0,0
5698,1,0,0
2322,0,0,0
61693,0,0,0
76180,0,0,0
11686,0,0,0
54924,0,0,0
256293,0,0,0
26315,0,0,0
3646,0,0,0
32487,1,1,0
209556,0,0,0
242451,0,0,0
144033,0,0,0
9250,0,0,0
221182,0,0,0
179953,0,0,0
233237,1,1,0
166841,0,0,0
3991,0,0,0
19084,0,0,0
150222,0,0,0
179406,1,0,0
230380,0,0,0
172981,0,0,0
141602,0,0,0
6507,0,0,0
161387,1,0,0
41888,0,0,0
215737,0,0,0
100704,1,1,0
227951,0,0,0
282239,1,1,0
223015,0,0,0
66680,0,0,0
204978,0,0,0
3407,0,0,0
60111,0,0,0
196276,0,0,0
234080,1,1,0
62179,0,0,0
273020,0,0,0
191035,0,0,0
56057,0,0,0
284758,1,1,0
22960,0,0,0
239246,0,0,0
56040,0,0,0
258015,0,0,0
114785,1,0,0
142261,0,0,0
398,0,0,0
57677,0,0,0
189263,0,0,0
2372,0,0,0
169561,0,0,0
227497,1,1,0
63152,0,0,0
9028,0,0,0
26506,0,0,0
215056,0,0,0
183049,1,0,0
2155,0,0,0
194634,1,0,0
177837,0,0,0
227068,0,0,0
33892,1,0,0
50655,0,0,0
56670,0,0,0
282906,0,0,0
276469,0,0,0
28685,0,0,0
67002,0,0,0
40432,1,0,0
204849,0,0,0
64023,0,0,0
17605,0,0,0
151142,0,0,0
32851,1,0,0
28348,1,1,0
79422,0,0,0
281820,1,0,0
172620,0,0,0
152002,1,1,0
3333,0,0,0
222240,0,0,0
11493,0,0,0
57610,1,1,0
163899,0,0,0
19665,1,0,0
6163,0,0,0
26912,0,0,0
241445,0,0,0
191436,0,0,0
73527,0,0,0
218816,0,0,0
194494,0,0,0
100937,0,0,0
143783,1,1,0
9171,0,0,0
60862,0,0,0
40641,0,0,0
137817,0,0,0
52275,0,0,0
266407,0,0,0
261511,0,0,0
29157,0,0,0
147574,1,1,0
66058,1,0,0
81458,0,0,0
272450,0,0,0
219996,0,0,0
36656,0,0,0
82142,0,0,0
180445,0,0,0
9412,0,0,0
52506,0,0,0
235753,0,0,0
150362,0,0,0
256468,1,1,0
43134,0,0,0
247784,0,0,0
216495,1,0,1
182373,0,0,0
174887,0,0,0
82558,0,0,0
50952,0,0,0
304,1,1,0
139127,0,0,0
255922,0,0,0
81308,0,0,0
50341,0,0,0
247907,1,0,0
59096,0,0,0
67991,0,0,0
20819,0,0,0
22312,1,0,0
72734,0,0,0
286182,0,0,0
83675,0,0,0
67356,0,0,0
280765,0,0,0
44372,0,0,0
41555,0,0,0
67459,1,0,0
227081,0,0,0
62023,0,0,0
180565,0,0,0
140995,0,0,0
41556,0,0,0
216464,0,0,0
243142,0,0,0
34909,0,0,0
170797,0,0,0
51079,0,0,0
169164,1,0,0
31278,0,0,0
276583,1,0,1
214505,0,0,0
46400,0,0,0
52110,0,0,0
81476,0,0,0
54455,1,1,0
256080,1,1,0
51571,0,0,0
253386,0,0,0
74965,0,0,0
279656,0,0,0
39085,0,0,0
17646,0,0,0
219563,1,0,1
17430,0,0,0
3220,0,0,0
251716,0,0,0
48411,0,0,0
181557,0,0,0
230808,0,0,0
225098,0,0,0
104306,0,0,0
79527,0,0,0
66676,1,0,0
173683,0,0,0
45629,0,0,0
23072,0,0,0
253741,0,0,0
71453,0,0,0
248016,0,0,0
247668,1,1,0
84074,0,0,0
58016,0,0,0
170090,1,1,0
64202,0,0,0
38545,1,0,0
46583,0,0,0
214543,0,0,0
216255,1,1,0
276324,0,0,0
260999,0,0,0
26085,0,0,0
31381,0,0,0
145875,0,0,0
236462,0,0,0
698,0,0,0
12046,0,0,0
109738,0,0,0
219881,0,0,0
137294,0,0,0
80062,1,1,0
143815,0,0,0
50046,0,0,0
16654,1,0,0
274815,0,0,0
19859,0,0,0
8298,0,0,0
266871,0,0,0
82805,0,0,0
166030,0,0,0
9540,0,0,0
167375,0,0,0
269598,0,0,0
220545,1,1,0
203762,0,0,0
246962,0,0,0
198460,0,0,0
60,1,1,0
56772,1,0,0
207480,0,0,0
63578,1,1,0
69279,0,0,0
26882,0,0,0
46268,0,0,0
63488,0,0,0
70453,1,0,0
212873,0,0,0
33038,0,0,0
57259,0,0,0
24721,0,1,0
176,0,0,0
176359,0,0,0
49849,1,0,0
206851,0,0,0
40775,0,1,0
49684,1,1,0
31712,0,0,0
194535,0,0,0
33731,0,0,0
17948,0,0,0
43007,0,0,0
105265,0,0,0
26573,0,0,0
272697,0,0,0
26273,0,0,0
222960,1,1,0
235224,0,0,0
73331,0,0,0
196574,0,0,0
4975,0,0,0
93,0,0,0
247149,0,0,0
171096,0,0,0
51675,0,0,0
26143,0,0,0
175862,0,0,0
283855,0,0,0
225709,0,0,0
86286,0,0,0
270108,1,0,0
277369,0,0,0
67955,0,0,0
38558,0,0,0
48552,0,0,0
24895,0,0,0
28823,0,0,0
200044,1,0,0
151693,0,0,0
1063,0,0,0
225537,0,0,0
214261,0,0,0
29804,0,0,0
9572,0,0,0
159074,1,0,1
222968,1,0,0
268894,0,0,0
184198,0,0,0
47459,1,0,0
59000,1,1,0
35157,0,0,0
52398,0,0,0
80100,1,1,0
63371,1,0,0
240809,0,0,0
258287,0,0,0
173278,1,1,0
224985,0,0,0
32379,0,0,0
186485,1,1,0
15378,0,0,0
185002,1,1,0
62015,0,0,0
163201,0,0,0
138740,1,1,0
73905,0,0,0
79485,0,0,0
58210,0,0,0
183996,0,0,0
272655,0,0,0
2151,0,0,0
75180,0,0,0
75860,0,0,0
261862,0,0,0
192690,0,0,0
19401,0,0,0
79438,0,0,0
264651,1,1,0
76897,0,0,0
33195,0,0,0
242860,0,0,0
13962,0,0,0
266464,0,0,0
193828,0,0,0
257983,0,0,0
170430,1,0,0
5161,1,1,0
286093,0,0,0
9378,0,0,0
76176,1,1,0
71305,1,0,0
166623,1,1,0
31180,0,0,0
239539,0,0,0
201408,0,0,0
246930,0,0,0
52587,1,1,0
26100,0,0,0
197426,0,0,0
52003,0,0,0
210996,0,0,0
254643,0,0,0
64183,0,0,0
247219,0,0,0
149397,0,0,0
189690,0,0,0
254271,0,0,0
28279,1,0,0
14846,0,0,0
18143,0,0,0
276723,0,0,0
68949,1,0,0
12591,0,0,0
67608,0,0,0
284563,0,0,0
3870,0,0,0
47266,1,1,0
2889,1,1,0
60273,0,0,0
83336,0,0,0
149051,0,0,0
38368,0,0,0
12208,0,0,0
177944,0,0,0
196082,1,1,0
215732,0,0,0
248793,0,0,0
52516,0,0,0
34221,0,0,0
167846,0,0,0
46850,0,0,0
182093,0,0,0
214613,0,0,0
258025,0,0,0
255745,0,0,0
50780,0,0,0
81294,1,0,0
12074,0,0,0
222523,0,0,0
180141,0,0,0
84695,0,0,0
236912,0,0,0
177805,0,0,0
39078,1,0,0
165794,0,0,0
17219,0,0,0
28811,0,0,0
40244,1,1,0
62746,0,0,0
34190,0,0,0
4823,0,0,0
32988,0,0,0
65818,0,0,0
25816,1,0,0
3731,1,0,0
172787,0,0,0
183876,1,0,0
13815,0,0,0
47592,0,0,0
68190,0,0,0
9690,0,0,0
165032,0,0,0
238779,1,0,0
168869,0,0,0
51084,0,0,0
145542,0,0,0
42497,1,0,0
177003,0,0,0
7376,0,0,0
279075,0,0,0
39365,0,0,0
161727,0,0,0
213057,0,0,0
268537,0,0,0
239149,0,0,0
281679,0,0,0
48286,0,0,0
922,0,0,0
145278,0,0,0
2795,1,1,0
33445,0,0,0
61840,1,1,0
64852,0,0,0
37103,1,1,0
279594,0,0,0
276264,1,0,0
262606,0,0,0
245916,0,0,0
207723,0,0,0
194952,0,0,0
266909,0,0,0
65511,0,0,0
181040,0,0,0
41391,0,0,0
28499,0,0,0
24591,0,0,0
38899,0,0,0
244402,0,0,0
171827,0,0,0
5985,0,0,0
254338,0,0,0
162132,0,0,0
246232,0,0,0
57505,0,0,0
271387,0,0,0
267172,0,0,0
15525,0,0,0
198134,1,1,0
84636,0,0,0
33669,0,0,0
151048,0,0,0
210109,0,0,0
189499,1,0,0
44556,0,0,0
54837,0,0,0
227910,0,0,0
144566,0,0,0
62454,1,1,0
214524,0,0,0
280761,0,0,0
30686,0,0,0
63098,0,0,0
25123,0,0,0
144217,0,0,0
32430,0,0,0
273697,0,0,0
195959,0,0,0
270332,0,0,0
84486,1,1,0
160548,0,0,0
63965,0,0,0
183084,0,0,0
222383,0,0,0
15820,0,0,0
230775,0,0,0
13365,0,0,0
182131,0,0,0
161528,0,0,0
48285,0,0,0
25626,0,0,0
222611,0,0,0
261628,0,0,0
23673,1,0,0
187418,0,0,0
51275,1,1,0
35403,1,1,0
268487,1,1,0
63893,0,0,0
207881,0,0,0
167109,1,0,0
217094,0,0,0
4110,0,0,0
12022,0,0,0
168436,1,1,0
224077,0,0,0
63284,0,0,0
264763,1,0,0
34047,0,0,0
80397,0,0,0
239213,0,0,0
7427,0,0,0
30975,0,0,0
42382,0,0,0
144558,0,0,0
1423,0,0,0
262228,1,1,0
193193,0,0,0
63187,0,0,0
211883,0,0,0
278775,0,0,0
62636,0,0,0
13633,0,0,0
41578,0,0,0
23383,1,1,0
185656,0,0,0
238619,0,0,0
39548,0,0,0
82789,0,0,0
63762,0,0,0
15821,1,0,0
162392,0,0,0
39325,1,0,1
29610,1,0,0
148779,1,0,1
40614,0,0,0
48942,0,0,0
238742,0,0,0
64637,1,0,0
29170,1,1,0
49328,0,0,0
176276,1,1,0
79788,1,0,0
54943,0,0,0
11042,0,0,0
79092,0,0,0
9307,0,0,0
47042,0,0,0
282244,0,0,0
198981,0,0,0
413,0,0,0
187031,0,0,0
199262,0,0,0
250474,0,0,0
26055,0,0,0
234430,1,0,0
51412,0,0,0
243061,1,1,0
73330,0,0,0
15088,1,0,0
196841,0,0,0
25799,1,1,0
85034,0,0,0
44071,0,0,0
150288,0,0,0
67381,1,1,0
160397,0,0,0
68601,0,0,0
57777,1,1,0
4824,0,0,0
26128,0,0,0
40423,0,0,0
60297,0,0,0
58401,0,0,0
44953,0,0,0
59384,0,0,0
143072,0,0,0
35665,0,0,0
35352,0,0,0
238243,0,0,0
161823,0,0,0
5887,0,0,0
75868,0,0,0
10679,0,0,0
242366,1,1,0
46510,1,0,0
46241,0,0,0
37819,1,0,0
205499,1,0,0
267990,0,0,0
141274,0,0,0
71417,0,0,0
182243,1,1,0
199474,1,1,0
159288,0,0,0
79398,0,0,0
224217,0,0,0
26301,0,0,0
171198,0,0,0
62482,0,0,0
208985,0,0,0
38510,0,0,0
50372,0,0,0
30628,0,0,0
248827,0,0,0
230703,0,0,0
241173,0,0,0
32627,0,0,0
194655,0,0,0
165768,1,1,0
39139,0,0,0
55059,0,0,0
64340,0,0,0
264702,1,1,0
153236,0,0,0
126834,0,0,0
99640,0,0,0
151471,0,0,0
58572,0,0,0
256162,0,0,0
164743,0,0,0
211068,0,0,0
3686,0,0,0
31382,1,0,0
218588,1,1,0
276331,0,0,0
50187,1,0,0
223419,1,1,0
2830,0,0,0
163207,0,0,0
12118,1,1,0
30224,0,0,0
249610,0,0,0
62969,1,1,0
49406,1,0,0
165023,0,0,0
18428,1,0,0
21259,1,1,0
243015,1,1,1
7609,0,0,0
226141,0,0,0
34222,0,0,0
28748,0,0,0
228556,0,0,0
151977,0,1,0
176400,0,0,0
213379,0,0,0
256975,0,0,0
62960,0,0,0
24762,0,0,0
59144,0,0,0
172202,0,0,0
23178,0,0,0
279873,0,0,0
244203,0,0,0
12520,0,0,0
172732,0,0,0
139209,0,0,0
1337,0,0,0
199123,0,0,0
219914,1,1,0
14201,1,1,0
215438,1,1,0
268279,0,0,0
56558,0,0,0
3642,0,0,0
253816,1,1,0
14101,0,0,0
1266,0,0,0
213125,1,0,0
4279,0,0,0
529,0,0,0
112164,0,0,0
4450,0,0,0
40120,0,0,0
240804,1,1,0
64092,0,0,0
145272,0,0,0
81797,0,0,0
13591,0,0,0
2506,1,1,0
7960,0,1,0
32957,0,0,0
227503,1,1,0
177722,0,0,0
154303,0,0,0
66494,0,0,0
267129,1,1,0
20340,1,1,0
78546,0,0,0
189274,0,0,0
267570,0,0,0
26249,1,1,0
231480,0,0,0
3161,0,0,0
34014,0,0,0
188190,0,0,0
177064,0,0,0
268004,0,0,0
62614,0,0,0
157605,0,0,0
206813,0,0,0
233101,0,0,0
250066,0,0,0
175532,0,0,0
1818,0,0,0
31871,0,0,0
59039,0,0,0
18370,0,0,0
62641,0,0,0
37732,0,0,0
58821,1,0,0
45891,0,0,0
25909,1,1,0
185695,0,0,0
67961,0,0,0
175834,0,0,0
270372,1,1,0
66164,0,0,0
232413,0,0,0
284858,0,0,0
51492,0,0,0
11349,0,0,0
7600,0,0,0
263433,0,0,0
55109,0,0,0
3691,0,0,0
30384,0,0,0
272198,0,0,0
247501,0,0,0
63891,0,0,0
49260,0,0,0
185624,0,0,0
194851,0,0,0
143846,1,1,0
249880,0,0,0
997,0,0,0
29401,0,0,0
17070,0,0,0
47286,1,1,0
90604,0,0,0
73224,1,0,0
7525,1,0,0
228500,0,0,0
28725,0,0,0
18315,1,0,0
52813,0,0,0
263352,0,0,0
227155,0,0,0
14880,0,0,0
276543,0,0,0
79120,0,0,0
81470,0,0,0
41230,0,0,0
194911,0,0,0
167057,0,0,0
172559,0,0,0
32494,0,0,0
199341,0,0,0
233328,0,0,0
24369,0,0,0
54521,0,0,0
266974,0,0,0
273400,0,0,0
285181,0,0,0
266413,0,0,0
6874,0,0,0
17705,0,0,0
35875,0,1,0
50209,0,0,0
273387,0,0,0
10361,1,1,0
48732,0,0,0
708,0,0,0
29338,0,0,0
11198,0,0,0
140338,1,1,0
188574,0,0,0
37663,0,0,0
6806,1,1,0
21385,0,0,0
85254,0,0,0
26961,0,0,0
17140,0,0,0
56298,0,0,0
76344,0,0,0
174274,1,1,0
27755,0,0,0
39921,0,0,0
70313,0,0,0
273354,0,0,0
51364,0,0,0
7977,1,1,0
242025,1,1,0
7114,0,0,0
29770,0,0,0
46142,0,0,0
10393,0,0,0
153708,0,0,0
205679,0,0,0
1731,0,0,0
172178,0,0,0
17065,0,0,0
189185,0,0,0
78572,0,0,0
64062,0,0,0
194745,0,0,0
81924,1,0,0
252216,0,0,0
100589,0,0,0
184199,1,1,0
221720,1,1,0
62488,0,0,0
42009,0,0,0
47,0,0,0
29307,1,1,0
191224,0,0,0
221763,0,0,0
5479,0,0,0
225282,0,0,0
282695,1,1,0
283963,1,1,0
5607,0,0,0
269693,0,0,0
84230,1,1,0
282137,0,0,0
54615,0,0,0
27339,0,0,0
68187,0,0,0
4636,0,0,0
213915,0,0,0
69151,0,0,0
144096,0,0,0
272425,0,0,0
202430,1,1,0
37541,0,0,0
29355,0,0,0
148332,0,0,0
9311,1,0,0
54336,0,0,0
164157,0,0,0
69682,0,0,0
4790,0,0,0
271566,0,0,0
36205,0,0,0
169188,0,0,0
54571,0,0,0
30434,0,0,0
275257,0,0,0
65779,1,1,0
26389,0,0,0
4603,0,0,0
269068,0,0,0
83570,1,0,1
80604,0,0,0
80149,0,0,0
143602,0,0,0
72235,0,0,0
263811,0,0,0
28708,0,0,0
202972,1,1,0
257993,0,0,0
2,0,0,0
67691,0,0,0
234434,0,0,0
190740,0,0,0
166868,1,0,0
157852,0,0,0
241809,0,0,0
53354,0,0,0
231163,0,0,0
49402,0,0,0
50415,0,0,0
21276,0,0,0
221751,0,0,0
261416,0,0,0
181870,1,1,0
180179,0,0,0
213232,0,0,0
181269,0,0,0
185164,1,0,0
2838,0,0,0
64310,0,0,0
284121,0,0,0
156743,0,0,0
157622,0,0,0
170190,1,1,0
233602,0,0,0
152271,0,0,0
59424,1,1,0
178864,0,0,0
29467,0,0,0
71629,0,0,0
44479,1,0,1
48640,1,1,0
66489,0,0,0
242649,0,0,0
72832,1,0,1
241129,0,0,0
63945,1,0,0
4040,0,0,0
175480,0,0,0
81091,0,0,0
15949,1,1,0
202528,0,0,0
58767,0,0,0
10864,0,0,0
36047,1,0,0
34091,0,0,0
214950,0,0,0
199289,0,0,0
40770,0,0,0
165097,0,0,0
63551,1,1,0
194649,0,0,0
135391,0,0,0
196828,0,0,0
39061,0,0,0
38278,0,0,0
45529,0,0,0
252655,0,0,0
15996,0,0,0
5058,0,0,0
63351,0,0,0
8458,0,0,0
72233,0,0,0
10566,0,0,0
51244,0,0,0
180736,0,0,0
40792,0,0,0
170203,0,0,0
105222,1,0,0
170174,0,0,0
50413,0,0,0
188408,1,1,0
150810,0,0,0
207373,1,1,0
151165,0,0,0
49188,0,0,0
8455,0,0,0
247079,0,0,0
50076,0,0,0
51215,0,0,0
260595,1,1,0
140247,0,0,0
206383,1,1,0
56606,1,1,0
248202,0,0,0
26735,0,0,0
220463,1,1,0
226734,0,0,0
276753,1,1,0
26916,0,0,0
179590,0,0,0
53022,0,0,0
50961,0,0,0
11764,0,0,0
235628,0,0,0
28794,0,0,0
3502,1,1,0
164108,0,0,0
70405,0,0,0
44080,0,0,0
152234,0,0,0
253953,0,0,0
225455,1,0,0
284617,0,0,0
17071,0,0,0
278610,0,0,0
149261,0,0,0
41664,0,0,0
219539,0,0,0
250425,0,0,0
37699,1,0,0
64814,0,0,0
3917,1,1,0
57923,0,0,0
42562,1,0,0
239661,1,1,0
25175,0,0,0
269734,0,0,0
29904,0,0,0
25124,0,0,0
184569,0,0,0
77357,0,0,0
200,0,0,0
46816,0,0,0
29746,0,0,0
143440,0,0,0
71445,0,0,0
215006,0,0,0
78013,0,0,0
177319,0,0,0
48747,0,0,0
144129,0,0,0
134173,0,0,0
251071,0,0,0
256789,0,0,0
166835,0,0,0
37712,1,1,0
215869,1,1,0
223796,1,1,0
123390,0,0,0
227682,1,1,0
79693,1,1,0
184640,0,0,0
265854,0,0,0
50859,0,0,0
161602,0,0,0
248353,1,0,0
160498,0,0,0
24623,0,0,0
263364,0,0,0
2893,0,0,0
195241,0,0,0
279735,1,1,0
138135,0,0,0
1395,0,0,0
24886,0,0,0
246998,0,0,0
65008,0,0,0
242698,0,0,0
39714,0,0,0
152413,1,0,0
225903,0,0,0
31888,0,0,0
148439,0,0,0
104642,0,0,0
28916,0,0,0
36291,0,0,0
74166,0,0,0
44161,0,0,0
21443,0,0,0
234118,1,0,0
24726,0,0,0
271296,0,0,0
164732,1,1,0
31348,0,0,0
643,0,0,0
44226,1,1,0
180993,0,0,0
857,0,0,0
42540,0,0,0
278782,0,0,0
219855,0,0,0
265822,0,0,0
56306,0,0,0
79348,0,0,0
258926,1,1,0
16285,0,0,0
162522,1,1,0
82412,0,0,0
21860,0,0,0
44670,1,0,0
17464,1,0,0
145988,0,0,0
27640,1,0,0
42024,0,0,0
33903,0,0,0
252592,0,0,0
19785,0,0,0
69556,0,0,0
212700,0,0,0
172646,0,0,0
247692,0,0,0
26364,0,0,0
9749,0,0,0
147204,0,0,0
25183,1,1,0
65979,0,0,0
48320,0,0,0
63049,0,0,0
139114,0,0,0
249302,0,0,0
148792,0,0,0
246626,0,0,0
147018,1,1,0
69371,0,0,0
62839,0,0,0
188834,1,1,0
2605,0,0,0
146237,0,0,0
184045,0,0,0
67714,0,0,0
40658,0,0,0
2926,0,0,0
46582,0,0,0
12052,0,0,0
242995,0,0,0
273531,0,0,0
16664,0,0,0
182285,0,0,0
275512,0,0,0
161533,0,0,0
5779,0,0,0
70061,0,0,0
61879,0,0,0
192660,1,0,1
248851,0,0,0
38196,0,0,0
240890,0,0,0
24635,0,0,0
28285,0,0,0
25778,0,0,0
276145,0,0,0
48551,0,0,0
196592,0,0,0
83920,0,0,0
10253,0,0,0
483,1,0,0
37216,0,0,0
1053,0,0,0
18405,1,1,0
65671,0,0,0
248127,0,0,0
254172,0,0,0
152156,1,1,0
267817,0,0,0
34439,1,0,0
84215,0,0,0
151449,1,0,0
253994,0,0,0
257936,0,0,0
265860,0,0,0
35150,0,0,0
228549,0,0,0
261260,0,0,0
41329,0,0,0
172467,1,1,0
204854,0,0,0
106349,0,0,0
20111,0,0,0
192330,0,0,0
51873,0,0,0
39670,0,0,0
146696,0,0,0
56460,0,0,0
7499,1,1,0
242976,1,1,0
153430,0,0,0
17689,0,0,0
234158,0,0,0
191595,0,0,0
77590,0,0,0
152377,0,0,0
1523,1,1,0
243465,0,0,0
63008,0,0,0
1229,1,0,0
81220,0,0,0
144474,0,0,0
187987,1,1,0
30182,0,0,0
44804,0,0,0
232555,0,0,0
143535,0,0,0
227163,0,0,0
261865,0,0,0
25634,0,0,0
186175,0,0,0
1309,0,0,0
283546,0,0,0
202660,0,0,0
177753,0,0,0
170746,1,1,0
83520,0,0,0
146719,0,0,0
54520,0,0,0
176124,0,0,0
5071,0,0,0
218020,0,0,0
69072,1,1,0
237283,0,0,0
274773,0,0,0
260974,0,0,0
63960,0,0,0
129736,0,0,0
51168,1,0,0
213941,0,0,0
257316,0,0,0
102689,1,1,0
207995,1,1,0
187546,0,0,0
34617,0,0,0
82973,0,0,0
284988,0,0,0
46144,1,0,0
52746,0,0,0
64815,0,0,0
261074,0,0,0
4529,0,0,0
57225,0,0,0
179713,0,0,0
230787,0,0,0
282032,1,1,0
24125,0,0,0
1587,1,0,0
239814,1,0,1
62274,0,0,0
167359,0,0,0
60768,0,0,0
220682,0,0,0
9499,0,0,0
168914,0,0,0
19658,1,1,0
239972,0,0,0
269291,0,0,0
250368,0,0,0
39347,1,0,1
55866,0,0,0
46269,0,0,0
21181,0,0,0
105789,0,0,0
68465,0,0,0
215105,0,0,0
45600,0,0,0
18689,0,0,0
186460,0,0,0
239899,0,0,0
181247,0,0,0
202555,0,0,0
70192,0,0,0
54654,0,0,0
261911,1,0,0
28815,0,0,0
217723,0,0,0
1374,1,0,0
189741,1,1,0
54644,0,0,0
185523,0,0,0
223733,0,0,0
292,0,0,0
211042,0,0,0
191852,1,1,0
172267,1,0,0
214515,0,0,0
14656,0,0,0
166940,1,0,0
148282,0,0,0
59649,0,0,0
29518,1,1,0
147186,0,0,0
149988,0,0,0
16562,0,0,0
141413,1,1,0
185699,0,0,0
137988,0,0,0
64936,0,0,0
47961,0,0,0
206157,0,0,0
63092,0,0,0
12589,0,0,0
102574,1,0,0
15352,0,0,0
244225,0,0,0
32100,1,0,0
245692,0,0,0
169176,0,0,0
269151,0,0,0
35784,0,0,0
43814,1,0,0
180016,0,0,0
185300,1,1,0
63896,0,0,0
16900,0,0,0
139653,1,1,0
219179,0,0,0
187652,0,0,0
219835,0,0,0
145222,0,0,0
59768,1,0,0
47835,0,0,0
184584,0,0,0
41111,1,0,0
40207,1,1,0
10261,0,0,0
244381,0,0,0
81279,0,0,0
51241,0,0,0
32092,0,0,0
51242,0,0,0
263059,0,0,0
53528,0,0,0
237435,0,0,0
219568,0,0,0
274045,1,1,0
190646,0,0,0
10496,0,0,0
9677,0,0,0
179902,0,0,0
193655,1,1,0
24186,0,0,0
29469,0,0,0
10137,0,0,0
278534,0,0,0
48375,0,0,0
50025,0,0,0
211420,0,0,0
40990,1,1,0
157056,1,1,0
149183,0,0,0
29249,0,0,0
64498,0,0,0
60732,0,0,0
282366,0,0,0
250060,1,1,0
293,0,0,0
142030,0,0,0
69513,0,0,0
209695,0,0,0
196859,0,0,0
193449,0,0,0
147435,0,0,0
40805,1,0,0
220916,0,0,0
38521,1,1,0
277723,0,0,0
140037,1,1,0
129784,0,0,0
186361,0,0,0
240221,0,0,0
143981,0,0,0
3958,0,0,0
16283,0,0,0
57639,0,0,0
47356,0,0,0
235583,0,0,0
7391,0,0,0
21940,0,0,0
152732,1,1,0
248235,0,0,0
271823,1,0,0
17568,0,0,0
47138,0,0,0
32948,1,0,0
61326,0,0,0
235143,0,0,0
225671,0,0,0
76302,0,0,0
135130,0,0,0
173613,1,1,0
246288,0,0,0
65625,0,0,0
62175,0,0,0
15273,0,0,0
143853,0,0,0
4241,0,0,0
23311,0,0,0
221623,0,0,0
62564,0,0,0
41443,0,0,0
16637,0,0,0
54370,0,0,0
15403,1,1,0
266048,0,0,0
200313,1,1,0
137993,0,0,0
15760,0,0,0
147396,0,0,0
16635,0,0,0
264705,0,0,0
34549,0,0,0
276181,0,0,0
38607,1,1,0
230333,0,0,0
164620,0,0,0
140225,0,0,0
77431,0,0,0
49412,0,0,0
53141,0,0,0
81515,0,0,0
62801,0,0,0
31839,1,0,0
169268,0,0,0
151535,0,0,0
11941,0,0,0
61349,0,0,0
43960,0,0,0
65881,0,0,0
80009,0,0,0
20938,0,0,0
15978,0,0,0
264327,0,0,0
282702,1,1,0
37096,0,0,0
25306,0,0,0
168541,0,0,0
57973,0,0,0
14925,0,1,0
215363,0,0,0
65402,0,0,0
47353,0,0,0
166139,1,1,0
173496,0,0,0
250717,0,0,0
261190,0,0,0
62195,0,0,0
258187,0,0,0
142514,0,0,0
969,0,0,0
3825,0,0,0
282622,1,1,0
56336,0,0,0
234793,0,0,0
209082,0,0,0
209374,0,0,0
260306,0,0,0
252911,0,0,0
253393,1,0,0
201138,0,0,0
36073,0,0,0
170634,0,0,0
184104,0,0,0
54737,0,0,0
245855,0,0,0
63139,1,0,0
267277,0,0,0
166385,1,1,0
263998,0,0,0
150594,0,0,0
26819,0,0,0
4796,0,0,0
52046,0,0,0
65364,0,0,0
186342,1,1,0
281739,0,0,0
219403,0,0,0
25080,0,0,0
26098,0,0,0
40503,0,0,0
17752,0,0,0
31874,0,0,0
25019,0,0,0
255685,0,0,0
1447,1,1,0
35667,1,0,0
225570,1,1,0
144886,0,0,0
63876,0,0,0
79267,0,0,0
189542,0,0,0
58760,0,0,0
169674,0,0,0
195650,0,0,0
11307,0,0,0
82163,0,0,0
26969,0,0,0
167006,0,0,0
8609,0,0,0
171676,0,0,0
11970,0,0,0
55041,1,1,0
226978,0,0,0
215731,0,0,0
64635,0,0,0
215035,0,0,0
150653,0,0,0
14097,0,0,0
162627,1,1,0
249278,1,0,1
146951,0,0,0
35270,0,0,0
46255,0,0,0
62555,0,0,0
284158,0,0,0
77775,0,0,0
61750,0,0,0
209813,0,0,0
172271,0,0,0
172783,1,0,0
266107,0,0,0
3180,0,0,0
142277,0,0,0
2647,0,0,0
2801,0,0,0
60372,1,0,0
60188,1,1,0
32010,1,1,0
238576,0,0,0
264218,0,0,0
188695,0,0,0
2482,0,0,0
816,0,0,0
34719,0,0,0
168940,1,1,0
133654,1,0,0
198509,0,0,0
55982,0,0,0
201186,0,0,0
31192,0,0,0
172974,0,0,0
49245,0,0,0
27923,0,0,0
139,0,0,0
160491,0,0,0
245662,0,0,0
5069,1,1,0
263452,0,0,0
193731,0,0,0
41015,0,0,0
64747,0,0,0
139406,0,0,0
152711,0,0,0
181335,0,0,0
141077,0,0,0
9134,0,0,0
145085,0,0,0
67429,1,1,0
23201,0,0,0
139760,1,0,0
86247,0,0,0
172086,0,0,0
219090,0,0,0
181636,0,0,0
11590,0,0,0
24507,0,0,0
237526,0,0,0
147541,0,0,0
8391,0,0,0
167469,0,0,0
81002,1,0,0
199631,1,0,0
35958,1,0,0
170947,1,0,0
174971,0,0,0
7671,0,0,0
19575,0,0,0
27701,0,0,0
25637,1,1,0
158177,1,1,0
22212,0,0,0
71818,0,0,0
180208,0,0,0
59404,0,0,0
12443,0,0,0
143322,0,0,0
9785,0,0,0
182375,0,0,0
235098,0,0,0
64189,0,0,0
40753,1,0,0
161641,0,0,0
5395,0,0,0
282043,0,0,0
191226,1,1,0
80793,0,0,0
67414,1,1,0
175106,1,1,0
27378,0,0,0
54510,0,0,0
192260,0,0,0
193952,0,0,0
258427,0,0,0
270805,1,0,0
82588,0,0,0
22827,0,0,0
69255,0,0,0
265901,0,0,0
10014,0,0,0
41026,0,0,0
8452,0,0,0
27777,0,0,0
268288,0,0,0
136711,0,0,0
72453,0,0,0
265351,0,0,0
3087,0,0,0
61158,0,0,0
26543,0,0,0
34325,1,1,0
69685,0,0,0
58207,0,0,0
150212,0,0,0
72579,0,0,0
584,0,0,0
72867,0,0,0
150226,1,1,0
5360,0,0,0
172903,0,0,0
225411,1,0,0
26914,0,0,0
1837,0,0,0
49372,0,0,0
43553,0,0,0
48741,0,0,0
157795,0,0,0
35766,1,1,0
270658,1,1,0
240824,0,0,0
105467,0,0,0
206370,0,0,0
33040,0,0,0
59383,0,0,0
261582,0,0,0
153893,0,0,0
217820,0,0,0
151442,0,0,0
56907,1,0,0
283163,0,0,0
148244,0,0,0
218116,0,0,0
28008,0,0,0
226930,0,0,0
4429,0,0,0
175249,0,0,0
160636,1,0,0
85857,0,0,0
208150,0,0,0
142262,1,1,0
240073,0,0,0
218977,0,0,0
193580,1,1,0
201978,1,0,0
259969,0,0,0
242963,0,0,0
6712,1,0,1
32866,0,0,0
170538,0,0,0
228643,0,0,0
29191,0,0,0
26717,0,0,0
183456,0,0,0
8946,0,0,0
183342,0,0,0
41184,1,1,0
179057,0,0,0
32390,1,1,0
210366,0,0,0
222851,0,0,0
22010,1,0,0
80151,0,0,0
201299,1,1,0
181417,0,0,0
6714,0,0,0
55354,0,0,0
10616,0,0,0
34363,0,0,0
20449,0,0,0
63780,1,1,0
28717,0,0,0
30343,1,1,0
183919,0,0,0
160635,0,0,0
144368,1,1,0
15832,0,0,0
62046,1,1,0
79478,0,0,0
30414,0,0,0
258026,0,0,0
230623,1,1,0
172882,0,0,0
262413,0,0,0
32939,0,0,0
43453,1,1,0
9146,0,0,0
1559,1,0,0
219284,0,0,0
21191,1,1,0
217757,0,0,0
273116,0,0,0
28731,1,1,0
189839,0,0,0
52818,1,1,0
180913,1,0,1
56936,0,0,0
151068,1,1,0
21986,0,0,0
196621,0,0,0
225813,1,0,0
40643,0,0,0
30991,0,0,0
77329,0,0,0
71520,0,0,0
161362,0,0,0
77780,0,0,0
232482,0,0,0
62647,0,0,0
180217,0,0,0
84438,0,0,0
263575,0,0,0
33869,0,0,0
164997,1,1,0
230624,0,0,0
200696,0,0,0
156442,0,0,0
25677,0,0,0
37215,0,0,0
163266,0,0,0
33605,0,0,0
5369,0,0,0
27311,0,0,0
730,0,0,0
32527,0,0,0
56507,1,1,0
238236,0,0,0
67094,0,0,0
211659,1,1,0
163386,1,1,0
1722,0,0,0
143612,0,1,0
81,0,0,0
223947,0,0,0
29477,0,0,0
64313,0,0,0
59681,1,0,0
179672,0,0,0
56281,0,0,0
26614,0,0,0
56442,0,0,0
266183,0,0,0
170137,0,0,0
24790,0,0,0
167052,0,0,0
38988,0,0,0
260725,0,0,0
71105,0,0,0
235226,0,0,0
26144,0,0,0
232287,0,0,0
70970,0,0,0
233857,0,0,0
157048,0,0,0
25814,0,0,0
52667,1,1,0
272853,0,0,0
199218,0,0,0
218811,0,0,0
74005,0,0,0
45347,0,0,0
26746,0,0,0
198638,0,0,0
82409,0,0,0
8581,0,0,0
176856,0,0,0
31351,1,1,0
276122,0,0,0
208703,0,0,0
215023,1,1,0
183516,0,0,0
63172,1,1,0
204764,1,1,0
1509,0,0,0
34096,0,0,0
224942,0,0,0
228158,0,0,0
7399,0,0,0
283419,0,0,0
239906,0,0,0
2703,0,0,0
66797,0,0,0
39512,0,0,0
59739,0,0,0
248842,0,0,0
223789,0,0,0
169445,1,1,0
17773,0,0,0
52343,0,0,0
25706,0,0,0
223825,0,0,0
216156,0,0,0
204979,0,0,0
278420,0,0,0
30,0,0,0
253358,0,0,0
237207,0,0,0
27299,0,0,0
75204,0,0,0
15423,0,0,0
16783,0,0,0
18724,0,0,0
262242,0,0,0
279302,0,0,0
56762,0,0,0
51532,0,0,0
227301,0,0,0
46143,0,0,0
102498,0,0,0
279396,0,0,0
285335,0,0,0
93437,0,0,0
253250,0,0,0
63569,0,0,0
158440,0,0,0
237965,0,0,0
178667,1,1,0
238372,1,1,0
24853,0,0,0
196104,0,0,0
64720,0,0,0
138837,0,0,0
279282,0,0,0
22653,0,0,0
28740,0,0,0
6992,1,1,0
32495,1,1,0
181304,0,0,0
176715,0,0,0
29864,0,0,0
66089,1,0,0
61534,1,0,0
56756,0,0,0
141631,0,0,0
236421,1,1,0
72216,0,0,0
62541,0,0,0
11396,0,0,0
36470,0,0,0
267722,0,0,0
63494,0,0,0
149123,0,0,0
109470,0,0,0
25790,0,0,0
103898,0,0,0
217924,0,0,0
70310,0,0,0
242854,0,0,0
276466,0,0,0
185254,0,0,0
258367,0,0,0
145195,1,1,0
66250,0,0,0
55092,0,0,0
67090,0,0,0
79296,0,0,0
9608,0,0,0
85497,0,0,0
33510,0,0,0
231908,0,0,0
175410,0,0,0
15302,0,0,0
270697,1,0,0
18507,1,1,0
242077,0,0,0
162173,1,1,0
30602,0,0,0
18685,0,0,0
180745,1,0,0
149930,0,0,0
61707,0,0,0
1216,0,0,0
276751,0,0,0
32647,1,0,0
67221,0,0,0
210293,0,0,0
233537,0,0,0
141919,1,1,1
26561,0,0,0
55347,0,0,0
198439,0,0,0
3198,0,0,0
211750,1,1,0
47161,0,0,0
45123,0,0,0
75729,1,1,0
99346,0,0,0
50992,0,0,0
83504,0,0,0
13748,0,0,0
259796,0,0,0
224119,0,0,0
154188,1,1,0
73734,0,0,0
39963,1,0,0
66725,0,0,0
32751,0,0,0
64285,0,0,0
212510,0,0,0
63767,0,0,0
220097,0,0,0
45472,1,0,0
51808,0,0,0
274147,0,0,0
2680,1,1,0
233731,0,0,0
28216,1,0,0
63173,0,0,0
85436,0,0,0
63971,1,1,0
3214,0,0,0
213350,1,0,0
351,0,0,0
51352,1,0,0
71835,0,0,0
266894,0,0,0
265319,0,0,0
184188,0,0,0
45869,0,0,0
65536,0,0,0
30604,0,0,0
265840,0,0,0
273720,0,0,0
26441,0,0,0
167281,1,0,1
23127,0,0,0
177270,1,1,0
18378,0,0,0
283007,1,1,0
5014,0,0,0
2742,0,0,0
242379,0,0,0
157223,0,0,0
44486,0,0,0
192272,1,0,0
5664,0,0,0
168727,1,0,0
35768,0,0,0
216006,0,0,0
13086,0,0,0
75202,0,0,0
55524,0,0,0
198605,0,0,0
172845,0,0,0
207590,0,0,0
223763,0,0,0
42432,0,0,0
244280,0,0,0
211067,0,0,0
162397,0,0,0
56525,1,1,0
31228,0,0,0
118723,0,0,0
161957,0,0,0
212703,0,0,0
205181,0,0,0
48864,0,0,0
247504,0,0,0
180949,0,0,0
242428,0,0,0
17867,0,0,0
6477,0,0,0
247386,1,1,0
194347,1,1,0
20415,0,0,0
36377,0,0,0
83275,0,0,0
4107,0,0,0
71213,0,0,0
28592,0,0,0
147164,0,0,0
62478,1,0,0
57955,0,0,0
49778,0,0,0
17981,0,0,0
190754,0,0,0
263651,0,0,0
208684,0,0,0
48107,0,0,0
214888,0,0,0
282034,0,0,0
82723,0,0,0
171099,0,0,0
208461,0,0,0
18962,0,0,0
184642,0,0,0
253242,0,0,0
140658,1,0,0
217708,1,0,0
58872,0,0,0
243597,0,0,0
4507,0,0,0
220148,0,0,0
160916,0,0,0
158723,0,0,0
33713,0,0,0
46153,1,0,0
253580,0,0,0
43670,0,0,0
249231,0,0,0
61268,1,1,0
241274,0,0,0
51342,0,0,0
234710,1,0,0
236644,1,1,0
250361,0,0,0
145605,0,0,0
161566,0,0,0
159424,0,0,0
80758,0,0,0
252427,1,0,1
13405,1,1,0
2463,0,0,0
258048,0,0,0
62682,0,0,0
33871,1,1,0
196,0,0,0
68784,0,0,0
197534,0,0,0
55427,0,0,0
277137,0,0,0
50552,0,0,0
60243,0,0,0
150707,0,0,0
78494,1,0,0
156422,0,0,0
144977,1,0,0
879,0,0,0
233915,0,0,0
76631,0,0,0
26221,0,0,0
3995,0,0,0
14893,0,0,0
5180,0,0,0
40216,0,0,0
225590,0,0,0
25476,0,0,0
44361,0,0,0
180017,0,0,0
213148,0,0,0
277932,0,0,0
249966,0,0,0
164939,0,0,0
258605,0,0,0
199940,0,0,0
17450,0,0,0
266618,0,0,0
77008,0,0,0
6314,0,0,0
262507,0,0,0
127645,0,0,0
9985,0,0,0
167430,0,0,0
17876,0,0,0
82159,0,0,0
171479,0,0,0
176787,1,0,1
10421,0,0,0
196900,0,0,0
282795,1,0,0
63602,0,0,0
66098,0,0,0
45979,0,0,0
198964,0,0,0
172713,0,0,0
52489,0,0,0
145843,0,0,0
64753,1,1,0
198023,0,0,0
34667,0,0,0
284024,0,0,0
178801,1,1,0
170855,0,0,0
153162,0,0,0
257104,0,0,0
218489,0,0,0
177160,0,0,0
62151,1,1,0
147932,0,0,0
149433,0,0,0
147386,0,0,0
243989,0,0,0
58883,0,0,0
28656,0,0,0
199889,0,0,0
231287,0,0,0
181985,0,0,0
240476,0,0,0
276034,0,0,0
224507,0,0,0
3626,0,0,0
168457,0,0,0
77528,0,0,0
285420,0,0,0
211590,1,0,0
27044,0,0,0
186547,0,0,0
154595,0,0,0
206857,0,0,0
50617,0,0,0
233364,0,0,0
247383,0,0,0
75904,0,0,0
66935,0,0,0
36261,0,0,0
194880,0,0,0
62288,0,0,0
191553,0,0,0
154522,0,0,0
7640,0,0,0
195242,1,1,0
270861,0,0,0
54528,0,0,0
174834,0,0,0
26046,0,0,0
46506,1,0,0
45525,0,0,0
222342,0,0,0
846,0,0,0
211137,0,0,0
195884,0,0,0
28491,1,1,0
10262,0,0,0
66415,0,0,0
178087,0,0,0
224,0,0,0
86097,1,1,0
502,0,0,0
50681,1,1,0
43671,1,1,0
54457,0,0,0
16866,0,0,0
170167,0,0,0
167502,0,0,0
252516,0,0,0
157896,0,0,0
264491,0,0,0
49078,0,0,0
29096,0,0,0
27690,0,0,0
167526,0,0,0
26851,0,0,0
848,0,0,0
2888,1,0,0
5563,1,0,0
256548,0,0,0
71306,0,0,0
193790,0,0,0
14033,1,1,0
21883,0,1,0
176125,1,1,0
228058,1,1,0
50527,0,0,0
23521,0,0,0
253503,0,0,0
282629,0,0,0
182523,0,0,0
207212,0,0,0
282780,0,0,0
29384,0,0,0
61622,1,1,0
139131,1,1,0
46732,0,0,0
269635,0,0,0
195128,1,1,0
123,0,0,0
169433,1,1,0
41647,0,0,0
157831,0,0,0
138016,1,1,0
39162,0,0,0
257987,0,0,0
12282,0,0,0
63836,0,0,0
282420,0,0,0
172862,0,0,0
128688,0,0,0
204087,0,0,0
28847,0,0,0
143470,0,0,0
26953,0,0,0
180355,0,0,0
54064,0,0,0
269257,0,0,0
40652,0,0,0
238724,0,0,0
145961,0,0,0
270313,0,0,0
159512,0,0,0
188535,1,1,0
167632,0,0,0
248801,0,0,0
285662,1,1,0
85909,0,0,0
188522,0,0,0
279996,0,0,0
143877,0,0,0
213244,0,0,0
203188,0,0,0
49300,0,0,0
24054,0,0,0
26644,0,0,0
204929,0,0,0
78297,0,0,0
41209,0,0,0
221385,0,0,0
26622,0,0,0
207730,0,0,0
170474,0,0,0
32519,0,0,0
5786,0,0,0
219075,1,1,0
196062,0,0,0
84632,0,0,0
29301,0,0,0
19664,0,0,0
25968,0,0,0
60291,0,0,0
45644,1,0,0
31918,1,0,0
215139,1,1,0
212932,0,0,0
66653,0,0,0
217943,0,0,0
30685,0,0,0
190273,0,0,0
198968,0,0,0
28403,1,1,0
5182,0,0,0
33647,0,0,0
39319,0,0,0
85396,0,0,0
206843,0,0,0
67635,1,1,0
200994,0,0,0
37411,0,0,0
64420,0,0,0
138061,0,0,0
81187,0,0,0
188309,0,0,0
1030,1,0,0
264435,1,0,0
254958,0,0,0
258417,0,0,0
32412,0,0,0
203161,0,0,0
40423,0,0,0
226208,0,0,0
176800,0,0,0
33416,1,1,0
76929,0,0,0
31113,1,0,0
29361,0,0,0
244631,0,0,0
67385,0,0,0
221414,0,0,0
49777,0,0,0
84190,0,0,0
46029,0,0,0
231324,0,0,0
223802,0,0,0
6894,0,0,0
1878,1,0,0
23788,0,0,0
25352,0,0,0
234097,1,0,0
270385,1,1,0
80846,0,0,0
36499,0,0,0
2312,0,0,0
242369,0,0,0
170687,1,0,0
222140,0,0,0
283755,0,0,0
92846,1,1,0
192539,0,0,0
45432,0,0,0
6736,1,0,0
7350,0,0,0
238334,0,0,0
33026,0,0,0
49543,0,0,0
45642,0,0,0
7493,0,0,0
182246,0,0,0
199967,0,0,0
255297,1,1,0
188724,0,0,0
33224,0,0,0
261699,0,0,0
43526,0,0,0
33795,0,0,0
84079,0,0,0
8062,0,0,0
52776,0,0,0
45660,0,0,0
57837,0,0,0
67612,0,0,0
3213,0,0,0
22140,0,0,0
285961,1,0,0
20444,1,1,0
244715,0,0,0
147008,0,0,0
86071,0,0,0
198060,1,0,1
194471,0,0,0
64742,1,1,0
51485,0,0,0
194001,0,0,0
173896,0,0,0
189223,0,0,0
11713,0,0,0
6865,0,0,0
138008,0,0,0
16508,0,0,0
59832,0,0,0
72356,0,0,0
21490,0,0,0
189784,0,0,0
75752,0,0,0
203955,1,0,0
59376,0,0,0
42349,0,0,0
37542,0,0,0
28554,0,0,0
72573,0,0,0
230388,1,1,0
215090,0,0,0
244208,0,0,0
77220,0,0,0
228105,0,0,0
192132,0,0,0
82224,1,1,0
253960,1,0,0
177461,0,0,0
81355,0,0,0
23796,0,0,0
262864,0,0,0
1665,0,0,0
34397,0,0,0
23050,0,0,0
271577,0,0,0
201287,0,0,0
267986,0,0,0
283482,0,0,0
39050,1,1,0
168489,0,0,0
274889,0,0,0
46913,1,1,0
167458,0,0,0
62537,1,0,0
1833,0,0,0
208943,0,0,0
142,0,0,0
196444,0,0,0
12159,0,0,0
232634,0,0,0
14787,0,0,0
2413,0,0,0
9780,1,0,0
937,0,0,0
80656,0,0,0
18019,1,0,0
247347,1,1,0
268886,1,0,0
6844,0,0,0
189623,0,0,0
250530,1,0,0
1611,0,0,0
14686,1,0,0
173554,0,0,0
217530,0,0,0
26104,1,0,0
559,0,0,0
26623,1,0,0
275020,0,0,0
83749,0,0,0
37693,0,0,0
61589,1,1,0
235957,0,0,0
151921,1,0,0
73,0,0,0
203030,0,0,0
270264,0,0,0
26401,0,0,0
18365,0,0,0
19861,0,0,0
51351,1,1,0
72892,1,0,0
41844,1,1,0
237569,0,0,0
13193,0,0,0
152737,0,0,0
14919,1,0,0
243954,0,0,0
51890,1,0,0
59617,1,1,0
208840,0,0,0
72468,0,0,0
217577,1,1,0
76246,0,0,0
174367,1,0,0
9352,0,0,0
16362,1,1,0
59962,0,0,0
39881,1,0,0
1349,1,1,0
17218,0,0,0
15848,0,0,0
186241,0,0,0
40690,0,0,0
240424,1,1,0
68313,0,0,0
52787,0,0,0
4708,0,0,0
244273,0,0,0
596,0,0,0
272942,0,0,0
9573,0,0,0
44527,1,1,0
151240,0,0,0
201706,0,0,0
169569,0,0,0
12876,0,1,0
74466,0,0,0
61846,1,1,0
216563,0,0,0
34545,0,0,0
35026,0,0,0
194510,0,0,0
49248,0,0,0
9381,0,0,0
24349,0,0,0
58018,0,0,0
71083,0,0,0
10085,1,0,1
60338,0,0,0
29783,0,0,0
42945,0,0,0
222535,0,0,0
213690,0,0,0
46610,0,0,0
52211,0,0,0
149364,0,0,0
3150,0,0,0
233191,0,0,0
175274,0,0,0
203282,0,0,0
270761,1,1,0
172881,0,0,0
17459,0,0,0
246996,0,0,0
224595,0,0,0
8125,0,0,0
147175,0,0,0
178562,0,0,0
18436,0,0,0
264168,0,0,0
67951,0,0,0
198525,0,0,0
31309,0,0,0
53683,0,0,0
172315,0,0,0
67063,0,0,0
13012,0,0,0
17868,0,0,0
185559,1,1,0
99172,0,0,0
210034,0,0,0
211374,0,0,0
41381,0,0,0
269251,1,1,0
249727,1,0,0
162170,0,0,0
29453,0,0,0
2961,0,0,0
42200,0,0,0
259411,0,0,0
1834,0,0,0
26716,1,1,0
40224,1,1,0
76498,1,1,0
2722,1,1,0
216169,0,0,0
10909,0,0,0
236999,0,0,0
161994,1,1,0
225294,0,0,0
51757,0,0,0
255683,1,1,0
23019,1,1,0
167264,0,0,0
157252,0,0,0
23927,1,0,1
60366,0,0,0
203523,0,0,0
160680,0,0,0
15753,1,1,0
275840,0,0,0
208440,0,0,0
50829,0,0,0
273286,0,0,0
20847,0,0,0
35836,0,0,0
220475,0,0,0
277619,0,0,0
5706,0,0,0
58831,0,0,0
248737,0,0,0
186644,1,1,0
247109,0,0,0
76415,1,1,0
26756,1,0,0
219019,0,0,0
80390,0,0,0
254690,0,0,0
65997,1,1,0
177867,1,1,0
26110,1,0,0
267647,1,1,0
146466,0,0,0
229467,0,0,0
255137,0,0,0
257990,0,0,0
173076,0,0,0
4961,0,0,0
213122,0,0,0
145061,1,1,0
37766,0,0,0
213535,0,0,0
198282,0,0,0
52332,0,0,0
227153,0,0,0
187656,0,0,0
38801,0,0,0
271991,0,0,0
2187,0,0,0
45639,1,1,0
9581,0,0,0
54793,0,0,0
80242,0,0,0
39329,0,0,0
64714,0,0,0
63383,0,0,0
38830,0,0,0
219010,0,0,0
49854,0,0,0
237137,0,0,0
32183,0,0,0
11313,0,0,0
3852,0,0,0
155237,0,0,0
257622,0,0,0
40894,0,0,0
46652,0,0,0
278621,1,1,0
220198,0,0,0
41380,0,0,0
224420,0,0,0
257103,0,0,0
241127,0,0,0
147249,0,0,0
32132,0,0,0
150429,0,0,0
144148,0,0,0
170784,0,0,0
280608,0,0,0
2756,0,0,0
261654,0,0,0
260312,0,0,0
17675,0,0,0
17596,0,0,0
229721,1,0,0
272434,0,0,0
58702,0,0,0
26989,0,0,0
197554,1,0,0
32352,0,1,0
57356,0,0,0
27241,0,0,0
283293,0,0,0
182528,0,0,0
56448,0,0,0
63859,0,0,0
18687,1,1,0
168403,1,0,0
244188,0,0,0
142164,0,0,0
218708,0,0,0
282404,1,1,0
13779,0,0,0
248273,0,0,0
70571,0,0,0
80339,1,1,0
257778,0,0,0
26282,0,0,0
194831,0,0,0
72321,0,0,0
73956,0,0,0
188278,0,0,0
5076,0,0,0
164382,0,0,0
60229,0,0,0
68378,0,0,0
257122,0,0,0
215421,0,0,0
253690,0,0,0
54379,0,0,0
153638,0,0,0
43154,0,0,0
138042,0,0,0
225129,1,0,0
197195,0,0,0
33777,0,0,0
24091,0,0,0
204508,0,0,0
29460,0,0,0
191684,0,0,0
60575,0,0,0
164575,1,0,1
187205,0,0,0
246815,0,0,0
30606,0,0,0
267683,0,0,0
1663,0,0,0
227914,0,0,0
71792,0,0,0
7030,0,0,0
170400,0,0,0
249050,0,0,0
276605,0,0,0
28787,1,0,0
231189,0,0,0
44934,0,0,0
252418,0,0,0
22251,0,0,0
2437,0,0,0
16994,0,0,0
47363,0,0,0
72184,1,1,0
243687,0,0,0
17795,0,0,0
55991,0,0,0
2155,0,0,0
152233,0,0,0
153588,0,0,0
29387,0,0,0
167272,1,1,0
7003,0,0,0
157274,0,0,0
193697,0,0,0
38420,0,0,0
162842,0,0,0
70623,1,0,0
65812,0,0,0
6760,0,0,0
261680,0,0,0
84638,0,0,0
240369,0,0,0
81131,0,0,0
11133,0,0,0
82542,0,0,0
173639,1,1,0
260886,0,0,0
275452,0,0,0
6030,0,0,0
245713,0,0,0
193105,0,1,0
678,0,0,0
13557,0,0,0
63881,0,0,0
172841,0,0,0
145111,0,0,0
150080,0,0,0
259333,1,1,0
268123,0,0,0
194567,0,0,0
133656,0,0,0
247403,1,1,0
33464,0,0,0
285558,0,0,0
174845,0,0,0
241386,0,0,0
220193,0,0,0
152713,0,0,0
182277,0,0,0
261136,0,0,0
29997,0,0,0
282930,0,0,0
18550,0,0,0
71856,0,0,0
2364,1,0,0
212059,1,1,0
62404,1,1,0
57991,0,0,0
7299,0,0,0
207879,1,0,0
219430,0,0,0
215769,1,1,0
149509,0,0,0
103924,0,0,0
26892,0,0,0
28377,0,0,0
286141,0,0,0
223893,0,0,0
11317,0,0,0
67555,0,0,0
237785,0,0,0
20014,0,0,0
36981,1,0,0
64406,0,0,0
230594,1,1,0
224988,0,0,0
259903,1,1,0
285077,0,0,0
196051,0,0,0
164418,0,0,0
50748,0,0,0
254576,0,0,0
171540,0,0,0
38091,0,0,0
37059,0,0,0
17332,0,0,0
176931,0,0,0
265262,0,0,0
145506,1,1,0
180256,0,0,0
263796,0,0,0
228679,0,0,0
197114,0,0,0
10475,0,0,0
242318,0,0,0
52581,0,0,0
57129,0,0,0
224480,0,0,0
150373,0,0,0
277343,0,0,0
207158,1,0,0
191433,0,0,0
37074,0,0,0
253191,0,0,0
63879,0,0,0
279581,1,1,0
150211,0,0,0
190490,0,0,0
49540,0,0,0
42424,0,0,0
178887,0,0,0
226017,0,0,0
28620,1,0,1
14311,0,0,0
4496,0,0,0
220180,0,0,0
193435,0,0,0
38051,0,0,0
199027,0,0,0
256991,0,0,0
62506,0,0,0
56796,0,0,0
75978,0,0,0
236192,0,0,0
281981,0,0,0
31869,1,1,0
62182,0,0,0
157120,0,0,0
211586,1,0,1
262678,0,0,0
155485,0,0,0
82368,1,0,0
267631,0,0,0
185382,0,0,0
79395,0,0,0
58314,1,1,0
152001,1,1,0
60093,0,0,0
85950,0,0,0
279458,0,0,0
244623,0,0,0
275717,0,0,0
55015,0,0,0
5652,0,0,0
165784,0,0,0
266748,0,0,0
1111,1,1,0
17791,0,0,0
1788,0,0,0
34067,0,0,0
72162,0,0,0
145162,0,0,0
178527,0,0,0
181366,0,0,0
231019,0,0,0
60436,0,0,0
199332,0,0,0
13524,1,0,0
42124,1,1,0
192979,0,0,0
147176,0,0,0
68297,1,1,0
26117,0,0,0
249573,0,0,0
218536,1,0,0
208084,0,0,0
208646,0,0,0
249037,1,1,0
63776,0,0,0
7079,0,0,0
54248,0,0,0
74797,0,0,0
66000,1,1,0
243452,0,0,0
207098,0,0,0
54956,0,0,0
27695,1,0,0
45356,0,0,0
13534,0,0,0
251620,0,0,0
62748,0,0,0
166658,1,1,0
5653,0,0,0
25767,0,0,0
23354,0,0,0
28768,0,0,0
283829,0,0,0
231632,0,0,0
271667,1,0,0
21061,1,0,1
182170,0,0,0
25341,0,0,0
164283,0,0,0
26926,0,0,0
103855,0,0,0
267761,0,0,0
179623,0,0,0
74941,0,1,0
1612,0,0,0
201206,0,0,0
24311,0,0,0
3827,0,0,0
140063,0,0,0
265986,0,0,0
141817,0,0,0
140878,0,0,0
280003,0,0,0
184789,0,0,0
171983,0,0,0
280961,0,0,0
250194,0,0,0
140082,0,0,0
171325,0,0,0
146200,0,0,0
61379,0,0,0
38441,0,0,0
274178,1,0,0
16567,0,0,0
265151,0,0,0
147498,1,1,0
27066,1,0,0
228264,0,0,0
268876,0,0,0
25702,0,0,0
44814,0,0,0
284272,0,0,0
58726,0,0,0
2195,0,0,0
58851,0,0,0
76373,0,0,0
232825,0,0,0
82672,1,0,0
144727,0,0,0
16525,0,0,0
41400,0,0,0
263162,0,0,0
53496,0,0,0
41935,0,0,0
1654,0,0,0
30075,0,0,0
233860,0,0,0
193524,0,0,0
168093,0,0,0
4928,1,1,0
165984,0,0,0
18112,0,0,0
263509,0,0,0
80675,0,0,0
62899,0,0,0
51424,0,0,0
64429,0,0,0
159302,0,0,0
282038,0,0,0
197612,0,0,0
72652,0,0,0
25791,0,0,0
4367,1,0,0
105048,0,0,0
21226,0,0,0
274480,0,0,0
217102,0,0,0
84043,0,0,0
26777,0,0,0
41817,0,0,0
256053,0,0,0
59774,0,0,0
68502,1,0,0
40232,0,0,0
173720,0,0,0
140729,0,0,0
29740,1,1,0
58749,0,0,0
174893,1,1,0
262062,0,0,0
67932,1,1,0
254567,0,0,0
64405,0,0,0
246764,0,0,0
281430,0,0,0
169333,0,0,0
2412,0,0,0
250005,1,1,0
168301,0,0,0
63706,0,0,0
79494,0,0,0
234223,0,0,0
32189,0,0,0
203405,0,0,0
243285,0,0,0
272590,0,0,0
73919,0,0,0
257665,0,0,0
43296,0,0,0
51219,0,0,0
210190,0,0,0
24535,0,0,0
262966,0,0,0
149228,1,1,0
24078,1,1,0
278356,0,0,0
279527,0,0,0
275292,0,0,0
37051,0,0,0
64178,0,0,0
225555,0,0,0
28247,1,1,0
141802,0,0,0
249071,0,0,0
8566,0,0,0
249654,0,0,0
149539,0,0,0
74705,0,0,0
169946,0,0,0
226133,0,0,0
64606,0,0,0
175846,1,0,0
201705,1,1,0
249589,0,0,0
20672,0,0,0
70358,0,0,0
21180,0,0,0
59140,0,0,0
52599,0,0,0
37345,0,0,0
280467,0,0,0
142181,0,0,0
60511,0,0,0
155328,1,1,0
67444,0,0,0
66771,0,0,0
24910,0,0,0
62067,0,0,0
255723,0,0,0
49935,1,1,0
57420,0,0,0
63349,1,1,0
182215,0,0,0
26115,0,0,0
35504,0,0,0
63677,0,0,0
160448,1,1,0
81761,0,0,0
261604,0,0,0
283452,0,0,0
221838,0,0,0
24931,0,0,0
68319,0,0,0
146160,1,0,0
199093,0,0,0
50764,0,0,0
57327,0,0,0
240169,0,0,0
10452,1,1,0
229707,0,0,0
73240,0,0,0
218011,0,0,0
11858,0,0,0
12090,0,0,0
63475,0,0,0
2334,0,0,0
26821,0,0,0
56470,0,0,0
242836,1,1,0
257253,0,0,0
11700,0,0,0
157327,1,0,0
146501,0,0,0
33893,0,0,0
156813,1,1,0
185536,0,0,0
233958,0,0,0
11391,1,0,0
171535,0,0,0
68072,0,0,0
70870,0,0,0
258184,0,0,0
12352,0,0,0
39665,0,0,0
195794,0,0,0
28483,0,0,0
260501,0,0,0
24727,0,0,0
9503,1,1,0
163721,0,0,0
67926,0,0,0
71993,0,0,0
179367,0,0,0
823,0,0,0
82031,0,0,0
115645,0,0,0
68153,0,0,0
175966,0,0,0
307,0,0,0
209404,0,0,0
18675,0,0,0
164978,0,0,0
199540,0,0,0
186606,1,1,0
271969,0,0,0
239875,0,0,0
32801,0,0,0
41113,0,0,0
76036,0,0,0
277712,0,0,0
7166,0,0,0
281693,0,0,0
218724,0,0,0
248325,1,0,0
218823,1,0,0
257961,0,0,0
39510,0,0,0
233161,0,0,0
283522,0,0,0
2378,1,0,0
29794,0,0,0
162860,0,0,0
20253,0,0,0
35426,0,0,0
29514,0,0,0
27871,0,0,0
85223,1,1,0
2808,1,0,0
245777,0,0,0
37060,0,0,0
236227,0,0,0
1360,1,1,0
62269,1,1,0
38283,0,0,0
149239,1,1,0
194447,0,0,0
270510,0,0,0
157526,0,0,0
13044,0,0,0
149038,0,0,0
164716,0,0,0
32340,0,0,0
7578,1,1,0
53402,1,0,0
41219,0,0,0
27686,0,0,0
37471,0,0,0
218810,0,0,0
50766,0,0,0
1425,1,0,0
213609,0,0,0
48807,1,1,0
242480,0,0,0
32607,0,0,0
218595,0,0,0
278767,0,0,0
142004,0,0,0
72755,0,0,0
62022,0,0,0
237064,1,1,0
26419,0,0,0
142098,1,0,1
12109,0,0,0
18511,0,0,0
237541,0,0,0
206015,1,1,0
81657,0,0,0
158931,0,0,0
193442,0,0,0
175951,0,0,0
83229,0,0,0
14128,0,0,0
16568,0,0,0
69631,0,0,0
164003,1,1,0
174894,0,0,0
197622,0,0,0
168087,0,0,0
233197,0,0,0
70606,0,0,0
9059,0,0,0
78517,0,0,0
11409,1,0,0
269517,1,1,0
42945,1,1,0
43503,1,1,0
22572,1,0,0
652,0,0,0
179740,0,0,0
44880,0,0,0
278550,0,0,0
11988,0,0,0
43019,0,0,0
51272,0,0,0
207930,0,0,0
174965,0,0,0
29496,0,0,0
142596,0,0,0
2954,0,0,0
272701,0,0,0
26984,0,0,0
52069,0,0,0
254351,0,0,0
35902,1,0,0
177295,0,0,0
454,0,0,0
51410,0,0,0
141398,0,0,0
230084,0,0,0
244613,0,0,0
189210,0,0,0
27547,1,1,0
47009,1,0,0
221893,0,0,0
271682,0,1,0
27205,1,0,0
29847,0,0,0
154171,1,1,0
44831,0,0,0
245168,0,0,0
187957,0,0,0
51605,0,0,0
168594,0,0,0
23283,0,0,0
266052,0,0,0
270955,0,0,0
31260,1,0,0
164980,0,0,0
206301,0,0,0
174579,0,0,0
27969,1,1,0
284794,1,1,0
9979,0,0,0
170066,0,0,0
271491,0,0,0
282711,0,0,0
77737,0,0,0
8861,0,0,0
47398,0,0,0
56119,0,0,0
223096,0,0,0
259490,0,0,0
285956,0,0,0
10114,0,0,0
64087,1,1,0
69635,1,1,0
44685,0,0,0
25176,0,0,0
276849,0,0,0
69983,0,0,0
24133,0,0,0
72682,0,0,0
63486,0,0,0
255693,0,0,0
181962,0,0,0
254814,0,0,0
233238,0,0,0
68759,0,0,0
270184,0,0,0
12580,1,1,0
284487,0,0,0
7599,0,0,0
25012,0,0,0
26730,1,0,0
206635,0,0,0
40563,0,0,0
61681,0,0,0
47783,0,0,0
259148,0,0,0
34681,0,0,0
150135,0,0,0
270874,1,1,0
212544,0,0,0
18202,0,0,0
18312,0,0,0
250825,1,1,0
226178,0,0,0
191014,1,1,0
225382,0,0,0
251437,0,0,0
38767,0,0,0
39954,0,0,0
37775,0,0,0
285601,1,0,0
27437,0,0,0
47936,1,1,0
255524,0,0,0
78632,1,1,0
184688,0,0,0
64311,1,1,0
12318,1,1,0
2049,0,0,0
58642,0,0,0
175729,0,0,0
159524,0,0,0
85593,0,0,0
51472,0,0,0
57167,0,0,0
59881,0,0,0
180476,0,0,0
268108,0,0,0
73782,0,0,0
218071,0,0,0
217801,0,0,0
78983,0,0,0
19259,0,0,0
56653,0,0,0
29815,0,0,0
32514,0,0,0
266076,1,0,0
223933,0,0,0
194977,0,0,0
199682,1,1,0
215999,0,0,0
69336,0,0,0
42544,0,0,0
152760,0,0,0
260248,0,0,0
174240,0,0,0
260008,0,0,0
75477,0,0,0
1922,0,0,0
65680,0,0,0
34650,0,0,0
228039,0,0,0
43983,0,0,0
222137,1,1,0
30804,0,0,0
41483,0,0,0
28837,0,0,0
209789,1,1,0
164490,0,0,0
176727,0,0,0
252677,0,0,0
281247,0,0,0
191832,0,0,0
267827,0,0,0
68431,0,0,0
4161,0,0,0
193195,0,0,0
283636,0,0,0
79139,0,0,0
262439,0,0,0
51143,0,0,0
23017,0,0,0
279650,0,0,0
58605,0,0,0
79115,1,1,0
198739,0,0,0
257187,0,0,0
63658,0,0,0
84750,0,0,0
248456,0,0,0
227050,0,0,0
239067,0,0,0
159902,0,0,0
53947,0,0,0
275335,0,0,0
157660,0,0,0
106304,0,0,0
13089,0,0,0
8024,0,0,0
185412,0,0,0
70890,1,1,0
27286,0,0,0
168106,0,0,0
214407,0,0,0
174950,0,0,0
75714,0,0,0
41549,0,0,0
29099,0,0,0
238959,1,1,0
179708,0,0,0
141364,0,0,0
61713,0,0,0
247589,0,0,0
57216,1,1,0
268826,1,1,0
670,0,0,0
58453,0,0,0
78012,0,0,0
45710,0,0,0
281688,0,0,0
31080,0,0,0
40228,0,0,0
22039,0,0,0
205209,0,0,0
19984,1,0,0
18123,0,0,0
12670,0,0,0
32065,0,0,0
3739,0,0,0
157998,0,0,0
215281,0,0,0
971,0,0,0
596,0,0,0
186379,0,0,0
18266,1,1,0
85615,0,0,0
58946,0,0,0
5272,0,0,0
244270,0,0,0
273015,0,0,0
2593,0,0,0
25723,0,0,0
258072,1,0,0
65022,0,0,0
137909,0,0,0
277003,0,0,0
279647,0,0,0
215503,0,0,0
234436,0,0,0
73518,0,0,0
225868,0,0,0
47269,0,0,0
178830,0,0,0
26812,1,0,0
184080,0,0,0
229393,0,0,0
674,1,1,0
243225,0,0,0
280312,0,0,0
331,0,0,0
240956,0,0,0
822,0,0,0
62414,1,0,0
33730,0,0,0
182632,0,0,0
277588,0,0,0
228176,1,0,0
276641,0,0,0
219870,1,0,0
17714,0,0,0
270797,0,0,0
3484,0,0,0
220847,0,0,0
230576,0,0,0
219319,0,0,0
232412,0,0,0
48956,0,0,0
52636,0,0,0
175662,0,0,0
190595,0,0,0
69896,0,0,0
30834,0,0,0
29323,0,0,0
63545,1,0,0
178606,0,0,0
191783,0,0,0
27934,1,0,0
240570,0,0,0
194303,0,0,0
171221,1,1,0
207677,1,1,0
14139,0,0,0
140465,1,1,0
18769,0,0,0
162792,0,0,0
216979,1,1,0
25517,0,0,0
64192,0,0,0
70191,0,0,0
38169,0,0,0
277570,0,0,0
256635,0,0,0
265675,0,0,0
26390,0,0,0
21395,0,0,0
32241,0,0,0
183851,0,0,0
71617,0,0,0
9404,0,0,0
221953,0,0,0
466,0,0,0
236,0,0,0
46753,0,0,0
32683,1,1,0
273283,0,0,0
62144,0,0,0
275790,0,0,0
233349,0,0,0
80262,0,0,0
214525,0,0,0
219139,1,0,1
57114,0,0,0
281845,0,0,0
214017,1,0,0
18416,0,0,0
77138,0,0,0
62476,1,1,0
54501,0,0,0
80669,0,0,0
220480,0,0,0
46665,0,0,0
273952,0,0,0
214349,1,1,0
249152,0,0,0
281710,0,0,0
29863,0,0,0
36004,0,0,0
20252,1,1,0
160667,0,0,0
6392,1,1,0
212965,1,0,0
34731,0,0,0
264525,0,0,0
264426,1,1,0
224771,1,0,0
233939,0,0,0
19435,0,0,0
13986,1,0,1
16955,1,1,0
245117,1,1,0
195264,0,0,0
33456,1,1,0
250315,1,0,0
53224,0,0,0
10617,1,1,0
102575,0,0,0
46101,0,0,0
283109,1,1,0
157119,0,0,0
71644,0,0,0
51105,0,0,0
261443,0,0,0
50810,0,0,0
6138,0,0,0
162772,0,0,0
66549,1,1,0
15249,0,0,0
221109,0,0,0
26342,0,0,0
189700,0,0,0
176485,0,0,0
143537,1,0,0
27596,0,0,0
219360,0,0,0
41475,0,0,0
197381,1,1,0
230656,0,0,0
66205,0,0,0
280553,0,0,0
253357,0,0,0
16674,0,0,0
57072,1,0,0
271094,1,1,0
60123,0,0,0
259918,0,0,0
169412,0,0,0
243553,0,0,0
171184,0,0,0
227093,0,0,0
196879,0,0,0
32935,0,0,0
59724,0,0,0
171021,0,0,0
8951,0,0,0
26591,0,0,0
61731,0,0,0
32423,0,0,0
10437,0,0,0
182689,0,0,0
28679,0,0,0
204015,0,0,0
268605,1,0,0
283114,1,0,0
181920,0,0,0
248505,0,0,0
36630,0,0,0
171138,0,0,0
42923,0,0,0
62400,0,0,0
151641,0,0,0
752,0,0,0
58209,0,0,0
211382,1,1,0
161796,1,1,0
85335,0,0,0
314,1,1,0
197913,0,0,0
29248,0,0,0
249280,0,0,0
52390,1,1,0
158123,1,1,0
242915,0,0,0
22660,0,0,0
51125,1,1,0
182591,0,0,0
18058,0,0,0
258641,0,0,0
239468,0,1,0
178264,1,1,0
33532,0,0,0
211806,1,1,0
77592,0,0,0
254687,0,0,0
233795,0,0,0
3252,1,1,0
52950,0,0,0
20031,1,1,0
41531,0,0,0
232234,0,0,0
59513,0,0,0
228344,0,0,0
221304,0,0,0
140585,0,0,0
276642,1,0,0
42764,1,1,0
249270,0,0,0
169677,0,0,0
174097,0,0,0
65056,0,0,0
24764,0,0,0
183967,1,1,0
92,1,0,0
228326,0,0,0
24568,0,0,0
52503,0,0,0
230718,0,0,0
62178,1,1,0
125028,0,0,0
26825,0,0,0
680,0,0,0
231454,0,0,0
281393,0,0,0
165403,0,0,0
189486,0,0,0
32730,0,0,0
113253,0,0,0
30138,0,0,0
185,0,0,0
36151,1,0,0
52578,0,0,0
29285,0,0,0
51821,0,0,0
157878,0,0,0
249,1,1,0
64567,0,0,0
83692,0,0,0
283966,0,0,0
18057,0,0,0
195293,0,0,0
61836,1,1,0
283188,1,0,0
172350,0,0,0
75008,0,0,0
42677,0,0,0
226913,0,0,0
9867,1,0,0
21844,0,0,0
59878,0,0,0
150547,0,0,0
165460,0,0,0
25707,0,0,0
58318,0,0,0
81427,0,0,0
3604,0,0,0
187060,1,0,0
25600,0,0,0
73470,0,0,0
265636,0,0,0
186468,1,1,0
60847,0,0,0
43079,0,0,0
272127,1,1,0
257210,1,1,0
52635,0,0,0
11422,0,0,0
144040,0,0,0
36365,0,0,0
10583,0,0,0
222444,1,0,0
63942,0,0,0
144457,0,0,0
30923,0,0,0
23202,0,0,0
43790,0,0,0
197553,0,1,0
210782,0,0,0
170465,0,0,0
128,1,0,0
80563,0,0,0
141397,0,0,0
211760,0,0,0
163755,0,0,0
36008,0,0,0
240174,0,0,0
30533,0,0,0
203003,0,0,0
528,0,0,0
26157,0,0,0
79925,0,0,0
241778,0,0,0
63789,1,0,0
258133,0,0,0
5696,0,0,0
26120,0,0,0
128728,0,0,0
272802,0,0,0
33044,1,1,0
267660,1,1,0
284742,0,0,0
200334,1,1,0
13650,1,0,0
89784,0,0,0
240135,0,0,0
199307,0,0,0
29586,0,0,0
238855,1,1,0
45024,0,0,0
258832,0,0,0
276042,0,0,0
188251,0,0,0
179753,0,0,0
25636,1,1,0
31936,0,0,0
275288,0,0,0
135720,0,0,0
4460,0,0,0
61416,1,0,0
208770,1,1,0
265335,0,0,0
262860,0,0,0
17806,0,0,0
254848,0,0,0
242464,1,0,0
69009,0,0,0
45433,0,0,0
9150,0,0,0
190522,0,0,0
161194,1,1,0
62190,0,0,0
65367,0,0,0
243120,0,0,0
33512,1,1,0
205201,0,0,0
151570,0,0,0
233169,0,0,0
163731,1,1,0
44976,0,0,0
237888,0,0,0
82151,0,0,0
247833,1,1,0
284539,0,0,0
274252,0,0,0
159481,0,0,0
67056,0,0,0
32109,0,0,0
269461,0,0,0
222265,0,0,0
86083,0,0,0
185163,1,1,0
169896,0,0,0
172843,0,0,0
62813,0,0,0
48191,0,0,0
152950,0,0,0
51319,0,0,0
188604,0,0,0
250689,0,0,0
9673,0,0,0
211487,0,0,0
189256,1,1,0
262322,1,1,0
246933,1,0,0
246011,0,0,0
204409,1,0,0
251171,0,0,0
13856,1,1,0
3203,0,0,0
3849,0,0,0
64309,1,0,0
41450,0,0,0
46985,0,0,0
34631,1,1,0
45589,0,0,0
146650,0,0,0
174426,0,0,0
161987,1,1,0
69980,1,0,0
3321,0,0,0
27010,0,0,0
40972,1,0,0
25639,0,0,0
48408,0,0,0
171611,1,1,0
193079,0,0,0
187915,0,0,0
203,0,0,0
32517,0,0,0
4584,0,0,0
6504,0,0,0
154427,0,0,0
142092,0,0,0
25606,0,0,0
63794,0,0,0
178268,0,0,0
46007,0,0,0
201160,0,0,0
198785,0,0,0
47623,0,0,0
151004,0,0,0
174671,0,0,0
31055,0,0,0
282362,1,0,0
72936,0,0,0
268318,0,0,0
283128,0,0,0
997,0,0,0
19727,0,0,0
182719,0,0,0
219452,0,0,0
172844,0,0,0
165415,0,0,0
273185,0,0,0
186912,0,0,0
54558,1,0,0
156519,0,0,0
10512,0,0,0
54319,0,0,0
149813,0,0,0
82387,0,0,0
167963,0,0,0
230671,0,0,0
32825,0,0,0
98835,0,0,0
59887,0,0,0
259992,1,1,0
174277,0,0,0
50410,0,0,0
186162,0,0,0
259584,0,0,0
145736,1,0,0
11520,0,0,0
200538,0,0,0
64910,0,0,0
185885,0,0,0
270597,1,0,0
62554,0,0,0
230886,0,0,0
242485,0,0,0
17017,0,0,0
85349,0,0,0
10215,0,0,0
54465,0,0,0
10158,0,0,0
67678,1,1,0
152580,0,0,0
210891,0,0,0
224678,1,0,0
31956,0,0,0
47553,0,0,0
272792,0,0,0
284831,1,0,0
57165,0,0,0
173959,0,0,0
157779,0,0,0
214639,0,0,0
282028,0,0,0
166470,0,0,0
268183,0,0,0
157915,0,0,0
278314,1,0,0
218323,0,0,0
44839,0,0,0
193491,0,0,0
34821,1,1,0
437,0,0,0
41957,1,1,0
260920,1,0,0
36505,1,1,0
226635,0,0,0
227437,0,0,0
4822,0,0,0
51460,0,0,0
40889,0,1,0
78261,0,0,0
49380,1,1,0
118715,0,0,0
230076,0,0,0
16286,0,0,0
35374,1,0,0
249182,0,0,0
154829,0,0,0
195784,0,0,0
265018,0,0,0
38624,0,0,0
243214,1,0,0
186000,0,0,0
24,0,0,0
14439,0,0,0
16271,1,1,0
12216,0,0,0
231370,1,0,0
269563,0,0,0
244310,0,0,0
49804,0,0,0
74149,1,1,0
41885,0,0,0
152474,0,0,0
44026,0,0,0
250523,0,0,0
123604,0,0,0
19687,0,0,0
196788,0,0,0
186987,0,0,0
43272,0,0,0
24719,0,0,0
125286,0,0,0
70293,0,0,0
54235,0,0,0
257651,1,1,0
39972,0,0,0
25127,0,0,0
234724,0,0,0
183075,0,0,0
165913,1,1,0
428,0,0,0
26639,0,0,0
5021,0,0,0
237796,1,1,0
169960,1,0,0
23772,0,0,0
50451,0,0,0
175604,1,1,0
230508,1,0,0
237425,1,0,0
279699,0,0,0
70608,0,0,0
65105,0,0,0
230573,0,0,0
215183,0,0,0
30444,0,0,0
133410,0,0,0
248008,1,1,0
4174,0,0,0
40712,0,0,0
237356,0,0,0
259997,0,0,0
157287,0,0,0
265307,1,1,0
173421,0,0,0
52604,0,0,0
50297,0,0,0
51594,0,0,0
215528,0,0,0
246916,0,0,0
17206,1,1,0
3245,0,0,0
35421,0,0,0
176622,0,0,0
59264,0,0,0
141295,0,0,0
207924,0,0,0
248619,1,0,0
170689,0,0,0
146300,0,0,0
173495,0,0,0
56294,0,0,0
211228,1,0,0
148518,0,0,0
23063,1,1,0
196674,0,0,0
48492,0,0,0
272243,0,0,0
157754,0,0,0
19444,0,0,0
61281,0,0,0
68628,1,1,0
35497,0,0,0
59187,0,0,0
39865,0,0,0
26792,0,0,0
227967,0,0,0
265949,1,0,0
4716,0,0,0
242092,0,0,0
276777,0,0,0
247389,0,0,0
205221,0,0,0
64964,0,0,0
71564,0,0,0
253901,0,0,0
212365,0,0,0
29573,1,1,0
13714,0,0,0
151628,1,1,0
79152,0,0,0
3164,0,0,0
7725,0,0,0
137308,0,0,0
63021,0,0,0
34570,0,0,0
276921,0,0,0
282033,0,0,0
267421,0,0,0
31797,0,0,0
26646,0,0,0
140574,0,0,0
42150,0,0,0
211796,0,0,0
144447,0,0,0
277856,0,0,0
15281,0,0,0
55215,0,0,0
14963,0,0,0
60351,1,1,0
282039,0,0,0
1188,1,0,0
232134,1,0,1
64053,0,0,0
7601,0,0,0
239140,0,0,0
173901,0,0,0
49458,0,0,0
259630,0,0,0
33811,0,0,0
162903,0,0,0
211882,0,0,0
15884,0,0,0
79056,0,0,0
217552,0,0,0
215337,0,0,0
250350,0,0,0
201994,0,0,0
14896,0,0,0
166094,0,0,0
85972,0,0,0
188316,0,0,0
262807,1,1,0
57940,0,0,0
225264,0,0,0
78347,0,0,0
224186,0,0,0
231488,0,0,0
176136,0,0,0
57806,1,1,0
34063,0,0,0
65265,0,0,0
32980,1,0,1
255208,0,0,0
171601,0,0,0
29546,0,0,0
11439,0,0,0
270789,1,1,0
12664,1,0,0
30483,1,0,0
12117,0,0,0
257767,0,0,0
179,0,0,0
33081,0,0,0
239463,1,0,0
221288,0,0,0
41005,0,0,0
12404,1,1,0
167155,0,0,0
6069,0,0,0
148198,0,0,0
65299,0,0,0
252142,0,0,0
26078,0,0,0
63671,0,0,0
210570,1,1,0
143016,0,0,0
62020,1,1,0
151580,0,0,0
13533,1,1,0
5570,0,0,0
41389,0,0,0
81215,0,1,0
11507,0,0,0
42692,0,0,0
17879,0,0,0
72678,0,0,0
83361,0,0,0
271906,1,0,0
211535,0,0,0
46423,0,0,0
23095,0,0,0
275141,0,0,0
197492,0,0,0
12252,0,0,0
258071,0,0,0
68697,0,0,0
265743,0,0,0
170037,0,0,0
11722,0,0,0
12710,0,0,0
266779,1,1,0
144621,0,0,0
79113,1,1,0
7689,0,0,0
15764,0,0,0
259661,0,0,0
261047,0,0,0
169733,1,0,0
264000,0,0,0
218427,0,0,0
240022,0,0,0
49005,0,0,0
40798,1,1,0
87071,0,0,0
41484,0,0,0
51341,0,0,0
218314,1,0,0
212742,0,0,0
191895,1,0,0
74743,0,0,0
17463,0,0,0
217579,0,0,0
102838,0,0,0
206441,0,0,0
1504,0,0,0
53492,0,0,0
228722,1,0,1
105519,0,0,0
59259,0,0,0
1921,0,0,0
181527,0,0,0
260007,0,0,0
172788,0,0,0
9914,1,1,0
66160,0,0,0
70701,0,0,0
62033,0,0,0
24595,0,0,0
9068,1,1,0
278028,0,0,0
26797,1,0,0
20451,0,0,0
20129,0,0,0
225449,0,0,0
157723,0,0,0
83216,0,0,0
64315,0,0,0
609,0,0,0
10356,0,0,0
62299,1,1,0
200575,0,0,0
159001,0,0,0
267029,0,0,0
25311,0,0,0
80642,0,0,0
23210,0,0,0
67849,0,0,0
53972,0,0,0
42890,1,1,0
266780,0,0,0
102498,0,0,0
36059,0,0,0
17288,1,1,0
248053,0,0,0
25666,0,0,0
27033,0,0,0
40591,0,0,0
271618,0,0,0
210099,0,0,0
79781,0,1,0
13440,0,0,0
29535,0,0,0
200050,0,0,0
83327,1,1,0
43669,0,0,0
40047,1,1,0
200306,0,0,0
160778,0,0,0
16191,0,0,0
227533,1,1,0
62029,0,0,0
256124,0,0,0
48717,0,0,0
49016,0,0,0
24527,0,0,0
81993,0,0,0
256541,1,0,0
143157,0,0,0
70155,0,0,0
163878,0,0,0
31414,0,0,0
172548,1,1,0
2210,0,0,0
215170,1,1,0
264688,0,0,0
244436,0,0,0
54588,0,0,0
176930,0,1,0
86672,0,0,0
209264,1,1,0
188827,0,0,0
44692,1,1,0
217933,0,0,0
42878,0,0,0
34406,0,0,0
279646,1,1,0
273457,0,0,0
66276,0,0,0
173394,0,0,0
56552,0,0,0
183744,0,0,0
47792,0,0,0
17341,0,0,0
238036,0,0,0
258027,0,0,0
22537,1,1,0
245758,0,0,0
228446,0,0,0
203208,0,0,0
70120,0,0,0
271466,1,0,0
8246,0,0,0
184,0,0,0
230099,1,1,0
279026,0,0,0
161825,0,0,0
178169,0,0,0
281427,0,0,0
598,1,0,0
260872,0,0,0
37093,0,0,0
60918,0,0,0
42123,0,0,0
70713,0,0,0
268828,0,0,0
242286,0,0,0
214455,0,0,0
163646,1,0,0
26991,0,0,0
141618,0,0,0
259882,0,0,0
68266,0,0,0
43753,1,1,0
281827,0,0,0
248317,0,0,0
218908,1,0,0
66957,1,1,0
63239,0,0,0
76479,0,0,0
22764,0,0,0
44324,0,0,0
213362,0,0,0
206820,0,0,0
282653,0,0,0
151283,0,0,0
4270,0,0,0
22877,0,0,0
196572,1,1,0
19480,0,0,0
203651,1,1,0
282030,0,0,0
265507,0,0,0
230423,0,0,0
257064,0,0,0
106344,0,0,0
244699,0,0,0
33889,0,0,0
46319,0,0,0
80311,1,1,0
15652,1,1,0
29547,0,0,0
243850,0,0,0
257652,0,0,0
153225,0,0,0
63865,1,1,0
60262,0,0,0
212247,0,0,0
8046,0,0,0
185941,1,1,0
35224,0,0,0
31852,0,0,0
230113,0,0,0
194189,1,1,0
125659,0,0,0
218313,0,0,0
35259,1,0,0
26330,1,1,0
192264,0,0,0
249117,1,1,0
28336,1,1,0
68906,0,0,0
75360,0,0,0
27810,0,0,0
44846,0,0,0
31533,0,0,0
50563,0,0,0
26246,0,0,0
32373,0,0,0
204379,0,0,0
14265,0,0,0
63871,0,0,0
17442,0,0,0
19101,1,0,0
264954,0,0,0
28829,1,1,0
54829,0,0,0
266468,0,0,0
183250,0,0,0
181014,0,0,0
276625,0,0,0
142146,0,0,0
55224,0,0,0
74004,0,0,0
18596,0,0,0
79311,0,0,0
26490,0,0,0
28560,0,0,0
44950,1,0,0
208935,0,0,0
188175,0,0,0
11130,0,0,0
51713,0,0,0
17375,0,0,0
162171,0,0,0
257971,0,0,0
186751,0,0,0
43183,0,0,0
56181,0,0,0
79808,1,0,0
97110,0,0,0
17532,0,0,0
237719,1,0,0
81251,0,1,0
251919,0,0,0
231769,0,0,0
13177,0,0,0
228007,0,0,0
74074,1,0,0
56323,0,0,0
15090,0,0,0
161760,0,0,0
71336,0,0,0
43542,0,0,0
29012,0,0,0
27071,1,1,0
30133,0,0,0
80787,0,0,0
232706,0,0,0
184683,0,0,0
11710,0,0,0
174669,0,0,0
252707,0,0,0
240674,0,0,0
164343,0,0,0
1835,0,0,0
40127,0,0,0
37481,0,0,0
32916,0,0,0
30919,0,0,0
31253,0,0,0
13716,0,0,0
81497,1,1,0
82304,0,0,0
39279,0,0,0
210215,0,0,0
5678,0,0,0
257460,0,0,0
82977,0,0,0
221197,0,0,0
189852,1,0,0
181323,0,0,0
187746,1,0,0
171939,1,0,1
30508,0,0,0
275456,0,0,0
3090,0,0,0
243538,1,0,0
75871,0,0,0
79523,0,0,0
25232,0,0,0
274197,0,0,0
108113,0,0,0
249517,1,1,0
223181,1,0,0
278107,0,0,0
52961,0,0,0
241061,0,0,0
265836,0,0,0
10200,1,1,0
240448,0,0,0
42276,1,0,0
192910,1,1,0
162807,0,0,0
79368,0,0,0
211223,0,0,0
42103,1,1,0
2152,0,0,0
67020,0,0,0
262548,0,0,0
1412,0,0,0
25779,1,0,1
49533,0,0,0
66555,0,0,0
36939,0,0,0
143947,0,0,0
145402,0,0,0
186276,0,0,0
66266,1,1,0
48824,1,1,0
29190,0,0,0
212063,0,0,0
68967,0,0,0
58384,0,0,0
197520,0,0,0
48762,0,0,0
6081,0,0,0
217057,0,0,0
51190,0,0,0
27255,0,0,0
45910,0,0,0
228866,1,1,0
182929,1,0,1
225394,0,0,0
2217,0,0,0
7267,0,0,0
64242,1,0,1
231462,0,0,0
203388,0,0,0
196388,1,0,0
26913,0,0,0
257695,0,0,0
77116,0,0,0
29931,1,0,0
3952,0,0,0
78868,1,1,0
267757,0,0,0
37585,0,0,0
56968,0,0,0
264859,0,0,0
185112,0,1,0
72027,0,0,0
57529,0,0,0
260831,0,0,0
48581,0,0,0
60312,1,1,0
25701,0,0,0
42168,0,0,0
162875,0,0,0
59462,0,0,0
5977,0,0,0
189651,0,0,0
1636,0,0,0
218965,1,1,0
258049,0,0,0
160173,0,0,0
23381,0,0,0
33447,0,0,0
246187,0,0,0
52980,0,0,0
37270,0,0,0
159249,0,0,0
54656,0,0,0
36084,0,0,0
26116,1,1,0
43428,0,0,0
5362,0,0,0
116434,0,0,0
137243,0,0,0
201980,1,1,1
25453,1,0,0
82175,0,0,0
29423,0,0,0
22114,0,1,0
45862,0,0,0
70355,1,0,0
250096,1,0,0
5525,0,0,0
166760,0,0,0
257035,1,1,0
18071,0,0,0
167090,0,0,0
64254,0,0,0
186767,0,0,0
53007,0,0,0
28668,0,0,0
278859,0,0,0
63867,0,0,0
37515,0,0,0
61756,0,0,0
184495,0,0,0
51140,1,1,0
221486,0,0,0
235299,1,0,0
34955,0,0,0
63771,0,0,0
181901,1,1,0
29022,0,0,0
26087,0,0,0
3767,0,0,0
38003,1,0,0
260459,0,0,0
29775,1,0,0
70610,0,0,0
280890,0,0,0
26724,0,0,0
234779,0,0,0
214594,0,0,0
267041,0,0,0
194230,0,0,0
29184,0,0,0
1088,0,0,0
282501,0,0,0
134511,0,0,0
10198,0,0,0
207424,0,0,0
159856,0,0,0
271717,0,0,0
7872,0,0,0
227956,0,0,0
255984,0,0,0
173763,1,0,0
40619,0,0,0
28758,0,0,0
260261,0,0,0
63341,0,0,0
53673,0,0,0
185504,1,1,0
245350,0,0,0
284922,1,1,0
283813,0,0,0
27685,1,1,0
233642,0,0,0
144532,0,0,0
170893,0,0,0
172801,0,0,0
225746,0,0,0
210685,0,0,0
26851,1,1,0
40886,1,0,0
193985,0,0,0
967,0,0,0
184343,0,0,0
73076,0,0,0
25647,0,0,0
26721,0,0,0
241070,0,0,0
20395,1,1,0
63148,0,0,0
1952,1,0,0
195944,0,0,0
184794,0,0,0
222769,0,0,0
36274,0,0,0
185169,0,0,0
166677,0,0,0
274037,0,0,0
150088,0,0,0
37578,0,0,0
500,1,1,0
45195,0,0,0
55810,0,0,0
52803,1,0,0
47372,0,0,0
150054,0,0,0
163839,0,0,0
196651,0,0,0
284273,0,0,0
178439,0,0,0
71586,0,0,0
36,0,0,0
202103,0,0,0
46344,0,0,0
11348,0,0,0
186616,1,0,0
251550,0,0,0
28013,0,0,0
214887,0,0,0
47380,1,0,0
84846,0,0,0
25192,0,0,0
6596,0,0,0
198207,0,0,0
65391,0,0,0
153933,0,0,0
82988,0,0,0
240278,0,0,0
182758,0,0,0
59686,1,0,0
151091,0,0,0
177587,1,0,1
258014,0,0,0
26486,0,0,0
212749,0,0,0
221381,0,0,0
26894,0,0,0
175752,0,0,0
17717,0,0,0
265064,0,0,0
188043,1,0,0
41600,0,0,0
28872,0,0,0
206262,1,1,0
16896,0,0,0
257992,0,0,0
241564,1,1,0
207688,0,0,0
200992,0,0,0
84209,1,0,0
258068,0,0,0
15598,0,0,0
16360,0,0,0
231084,0,0,0
261102,0,0,0
194298,0,0,0
61967,1,0,0
143753,0,0,0
37640,0,0,0
240219,1,1,0
149898,0,0,0
55997,0,0,0
22548,1,1,0
285100,0,0,0
215,0,0,0
201981,0,0,0
67925,1,1,0
208130,0,0,0
3219,1,1,0
241779,0,0,0
183219,0,0,0
40222,1,1,0
272890,1,1,0
218580,0,0,0
271943,0,0,0
52471,0,0,0
190381,0,0,0
69209,0,0,0
79683,0,0,0
175501,0,0,0
38192,0,0,0
30555,0,0,0
47123,0,0,0
48234,0,0,0
28482,0,0,0
35174,0,0,0
265359,0,0,0
284583,0,0,0
158703,0,0,0
194043,0,0,0
275506,1,0,0
41594,0,0,0
103358,0,0,0
45551,0,0,0
238897,1,0,0
28363,0,0,0
145917,1,0,0
182216,1,1,0
170629,0,0,0
208953,0,0,0
62964,0,0,0
228974,1,1,0
20609,1,1,0
254846,0,0,0
1437,0,0,0
161468,1,1,0
79900,0,0,0
7946,0,0,0
197619,0,0,0
27778,0,0,0
220209,1,1,0
70631,1,1,0
40333,1,1,0
50936,0,0,0
63702,0,0,0
1832,0,0,0
229937,0,0,0
206382,0,0,0
151138,1,1,0
66768,1,1,0
274109,0,0,0
17508,0,0,0
63904,0,0,0
150002,0,0,0
222113,0,0,0
219117,0,0,0
50041,0,0,0
73178,0,0,0
35701,0,0,0
15363,1,1,0
50411,0,0,0
40088,0,0,0
18037,1,1,0
187485,0,0,0
4405,1,0,0
270091,1,1,0
655,0,0,0
147445,0,0,0
43244,1,0,1
32021,1,0,0
77139,1,1,0
31848,0,0,0
25562,0,0,0
51142,1,0,0
10614,0,0,0
196903,0,0,0
267627,0,0,0
216740,1,1,0
143821,0,0,0
775,0,0,0
30426,0,0,0
78696,0,0,0
23033,0,0,0
74669,1,1,0
191208,0,0,0
26774,0,0,0
2740,1,0,0
176565,0,0,0
232084,0,0,0
147420,0,0,0
281138,1,0,0
196550,1,1,0
273198,0,0,0
74219,0,0,0
281519,1,1,0
51353,0,0,0
53647,0,0,0
15440,1,1,0
3400,0,0,0
233446,0,0,0
50945,0,0,0
4534,0,0,0
64997,0,0,0
42930,0,0,0
69626,0,0,0
237628,0,0,0
225684,1,1,0
269976,0,0,0
61663,0,0,0
161743,0,0,0
155393,0,0,0
171971,0,0,0
25773,0,0,0
219226,0,0,0
20339,1,0,0
26082,1,1,0
207035,0,0,0
61394,0,0,0
197723,0,0,0
11724,0,0,0
145592,1,0,1
178534,0,0,0
27850,0,0,0
36472,0,0,0
269725,0,0,0
219856,0,0,0
43594,0,0,0
61470,0,0,0
76623,0,0,0
73051,0,0,0
286108,0,0,0
2472,1,0,0
12353,0,0,0
176120,0,0,0
42453,0,0,0
25142,0,0,0
199287,0,0,0
253152,0,0,0
35712,0,0,0
277041,0,0,0
272014,0,0,0
139896,0,0,0
2686,0,0,0
65777,0,0,0
215604,0,0,0
174317,0,0,0
62576,1,1,0
185188,0,0,0
69316,0,0,0
84121,1,1,0
275764,0,0,0
63361,1,1,0
272085,0,0,0
28912,0,0,0
155988,1,1,0
23081,0,0,0
23134,0,0,0
12468,1,1,0
181773,1,1,0
25753,0,0,0
175829,0,0,0
17888,0,0,0
78791,0,0,0
1607,0,0,0
189792,0,0,0
25200,0,0,0
190417,0,0,0
58640,0,0,0
66537,0,0,0
248946,0,0,0
63482,0,0,0
283760,0,0,0
13309,0,0,0
2283,1,1,0
108941,0,0,0
263716,1,0,0
38181,0,0,0
139762,0,0,0
174364,0,0,0
26816,0,0,0
274103,0,0,0
54518,1,1,0
284507,0,0,0
52590,0,0,0
152641,0,0,0
24812,0,0,0
615,0,0,0
252005,0,0,0
267384,1,1,1
7576,0,0,0
36318,0,0,0
31218,1,1,0
243161,0,0,0
174389,0,0,0
254154,0,0,0
209409,0,0,0
234788,0,0,0
194987,0,0,0
62383,0,0,0
256671,0,0,0
79694,0,0,0
26608,1,1,0
188435,0,0,0
195841,1,1,0
79105,0,0,0
68169,0,0,0
184327,1,0,0
240801,1,0,0
271930,1,1,0
11048,0,0,0
53929,0,0,0
241039,0,0,0
12956,0,0,0
53285,0,0,0
45090,0,0,0
211083,1,1,0
237654,0,0,0
241120,0,0,0
140140,0,0,0
67017,0,0,0
126,0,0,0
204266,0,0,0
85201,0,0,0
53899,0,0,0
39451,0,0,0
50973,0,0,0
280738,0,0,0
7438,0,0,0
269424,1,1,0
211696,0,0,0
233018,1,1,0
15442,0,0,0
229789,0,0,0
62800,1,1,0
183152,0,0,0
51020,0,0,0
162043,0,0,0
73362,0,0,0
37002,0,0,0
52052,0,0,0
195642,0,0,0
36103,1,1,0
262369,0,0,0
16343,0,0,0
186299,0,0,0
64491,0,0,0
153739,1,1,0
105,1,1,0
122595,0,0,0
217891,0,0,0
281376,0,0,0
12731,0,0,0
150612,0,0,0
76938,0,0,0
241955,0,0,0
167029,0,0,0
19868,0,0,0
246478,0,0,0
143686,0,0,0
73560,0,0,0
40176,0,0,0
39173,0,0,0
64809,0,0,0
280107,0,0,0
32485,0,0,0
69523,1,1,0
32282,0,0,0
31658,0,0,0
139649,1,1,1
74148,0,0,0
179214,0,0,0
260548,0,0,0
61847,1,1,0
34188,0,0,0
252718,1,0,0
2374,0,0,0
270559,0,0,0
240027,0,0,0
2644,0,0,0
243383,0,0,0
39780,0,0,0
11731,0,0,0
214545,1,1,0
80937,0,0,0
15603,1,1,0
2046,0,0,0
176107,0,0,0
43356,1,1,0
84,0,0,0
198257,0,0,0
36648,0,0,0
267303,0,0,0
17524,0,0,0
103997,0,0,0
193201,1,0,1
48472,0,0,0
194574,0,0,0
19670,0,0,0
81196,1,1,0
81301,0,0,0
44083,0,0,0
53663,1,1,0
57384,0,0,0
155304,0,0,0
1390,0,0,0
231109,0,0,0
210264,0,0,0
259008,1,0,0
249746,0,0,0
25752,0,0,0
279927,0,0,0
187944,1,1,0
210622,1,1,0
26885,0,0,0
279185,0,0,0
5103,0,0,0
64230,1,0,0
156626,1,0,0
24942,1,1,0
43027,0,0,0
69036,0,0,0
28712,1,1,0
271946,0,0,0
256790,0,0,0
31893,0,0,0
142957,0,0,0
247309,0,0,0
168016,1,0,0
66838,0,0,0
138072,0,0,0
23096,1,1,0
77508,1,0,0
176515,0,0,0
236753,0,0,0
271720,0,0,0
3447,0,0,0
1260,0,0,0
56051,0,0,0
165392,0,0,0
16672,0,0,0
1090,0,0,0
55994,0,0,0
63115,1,1,0
61524,0,0,0
178898,1,1,0
199495,0,0,0
180254,0,0,0
73778,0,0,0
53889,0,0,0
249400,0,0,0
79882,0,0,0
66543,0,0,0
14081,1,0,1
54840,0,0,0
254143,0,0,0
29215,1,0,0
200001,0,0,0
9261,0,0,0
31066,0,0,0
259867,1,1,0
223203,0,0,0
249608,0,0,0
251293,1,1,0
160711,0,0,0
61220,0,0,0
267515,0,0,0
1224,0,0,0
159927,0,0,0
25618,0,0,0
152008,0,0,0
223234,0,0,0
245046,1,1,0
270641,0,0,0
221382,1,0,0
15076,0,0,0
217901,0,0,0
85585,0,0,0
269833,0,0,0
72249,0,0,0
64172,0,0,0
53314,0,0,0
31794,0,0,0
258813,0,0,0
201604,0,0,0
145832,0,0,0
83288,1,0,0
172105,1,1,0
2337,1,1,0
31614,0,0,0
24502,1,1,0
253640,0,0,0
65468,0,0,0
252035,0,0,0
263327,1,0,0
215878,0,0,0
667,0,0,0
48043,0,0,0
267711,1,0,0
28428,0,0,0
24776,0,0,0
210590,0,0,0
192024,0,0,0
32700,0,0,0
179502,0,0,0
40233,0,0,0
216248,0,0,0
209046,1,0,0
275795,0,0,0
76983,0,0,0
38455,0,0,0
253925,0,0,0
161241,1,0,0
58162,0,0,0
193964,0,0,0
12232,0,0,0
62696,0,0,0
63165,0,0,0
268642,0,0,0
160181,1,1,0
194337,0,1,0
164748,0,0,0
46407,0,0,0
184857,0,0,0
55214,0,0,0
146224,0,0,0
72629,0,0,0
262534,0,0,0
13864,0,0,0
20266,1,1,0
141645,0,0,0
85482,0,0,0
152231,0,0,0
45118,0,0,0
277547,1,0,0
71778,0,0,0
2032,0,0,0
14236,0,0,0
43122,0,0,0
250898,0,0,0
179409,0,0,0
33095,0,0,0
152805,0,0,0
194874,1,1,0
278684,0,0,0
276771,0,0,0
37447,1,0,0
20103,0,0,0
170249,0,0,0
280202,1,0,0
272252,0,0,0
31762,1,0,0
191835,1,0,0
251954,0,0,0
284613,0,0,0
166362,0,0,0
195221,0,0,0
271204,1,0,0
32651,0,0,0
230327,0,0,0
629,0,0,0
81381,0,0,0
61744,0,0,0
6306,0,0,0
26783,0,0,0
63461,0,0,0
32848,1,1,0
232218,0,0,0
252893,1,1,0
49537,0,0,0
58519,0,0,0
188068,1,1,0
168711,0,0,0
43551,0,0,0
32322,0,0,0
27057,0,0,0
159667,0,0,0
27438,0,0,0
57372,0,0,0
26266,0,0,0
3649,0,0,0
202800,0,0,0
142016,0,0,0
62405,0,0,0
42367,0,0,0
277201,0,0,0
173932,0,0,0
37442,1,1,0
58512,0,0,0
219358,0,0,0
233804,0,0,0
29408,0,0,0
43845,0,0,0
220740,0,0,0
251356,0,0,0
34139,0,0,0
8383,0,0,0
13550,0,0,0
23973,0,0,0
217267,0,0,0
999,0,0,0
85439,0,0,0
170449,0,0,0
148949,0,0,0
12173,0,0,0
238972,0,0,0
18192,0,0,0
195920,0,0,0
26049,0,0,0
73819,1,1,0
215030,0,0,0
218133,0,0,0
213275,1,0,0
63203,0,0,0
13353,0,0,0
74781,0,0,0
26904,0,0,0
223282,1,1,0
48025,0,0,0
233603,1,1,0
138773,0,0,0
32872,0,0,0
21117,0,0,0
27273,0,0,0
67582,0,0,0
209781,0,0,0
13328,1,0,1
254334,0,0,0
263899,0,0,0
13885,0,0,0
246770,0,0,0
48311,0,0,0
54260,0,0,0
179062,0,0,0
32986,0,0,0
193029,0,0,0
226096,0,0,0
26579,0,0,0
139752,0,0,0
152565,0,0,0
64102,0,1,0
234197,0,0,0
65826,0,0,0
277512,0,0,0
12928,0,0,0
31628,0,0,0
65905,0,0,0
205256,0,0,0
282563,0,0,0
21818,0,0,0
42927,0,0,0
157087,1,1,0
919,0,0,0
258041,1,1,0
69286,1,0,0
231861,0,0,0
212688,0,0,0
26238,0,0,0
8503,0,0,0
26451,0,0,0
214377,0,0,0
200799,0,0,0
235734,0,0,0
35852,0,0,0
55142,0,0,0
219677,1,1,0
12466,0,0,0
28344,1,1,0
39364,0,0,0
17553,0,0,0
49974,0,0,0
255220,0,0,0
26080,1,0,0
218431,0,0,0
255718,0,0,0
50209,0,0,0
280644,0,0,0
53189,0,0,0
161598,0,0,0
33645,0,0,0
62028,1,0,0
3348,0,0,0
198370,0,0,0
48851,0,0,0
4245,0,0,0
19490,0,0,0
557,0,0,0
242492,0,0,0
21212,0,0,0
22511,0,0,0
49276,0,0,0
4497,0,0,0
239588,0,0,0
79708,0,0,0
26977,0,0,0
42180,1,0,0
253368,0,0,0
26920,0,0,0
26050,0,0,0
183008,0,0,0
166936,0,0,0
6979,0,0,0
12193,0,0,0
191164,0,0,0
39545,1,1,0
266950,0,0,0
63811,0,0,0
270981,0,0,0
209262,0,0,0
269400,1,0,0
64745,0,0,0
80424,0,0,0
79431,0,0,0
149089,0,0,0
269746,0,0,0
62499,1,1,0
104164,0,0,0
279410,1,1,0
5895,1,1,0
255293,0,0,0
19679,1,1,0
28770,0,0,0
68582,0,0,0
222816,0,0,0
17269,0,0,0
8802,0,0,0
241810,1,1,0
1250,1,1,0
185414,0,0,0
56424,1,0,0
13742,0,0,0
226884,0,0,0
194325,0,0,0
10455,0,0,0
255083,0,0,0
6169,0,0,0
62,0,0,0
19924,0,0,0
86058,0,0,0
152325,0,0,0
261291,0,0,0
149308,0,0,0
27245,0,0,0
149388,0,0,0
59543,1,0,0
258330,0,0,0
65949,1,1,0
50026,0,0,0
29854,0,0,0
90934,0,0,0
58232,0,0,0
169816,0,0,0
18223,0,0,0
68680,0,0,0
73466,0,0,0
25740,0,0,0
62596,0,0,0
3610,0,0,0
171305,0,0,0
64308,0,0,0
62863,0,0,0
148068,1,0,0
138650,0,0,0
275958,0,0,0
64048,0,0,0
251645,0,0,0
186740,1,0,0
152511,0,0,0
4238,0,0,0
58170,0,0,0
281601,0,0,0
29781,0,0,0
71893,1,0,1
158026,0,0,0
216602,1,1,0
28244,0,0,0
62164,0,0,0
222929,0,0,0
25115,0,0,0
151700,0,0,0
274600,0,0,0
246201,0,0,0
208306,0,0,0
185943,0,0,0
49820,0,0,0
56301,0,0,0
175903,0,0,0
67263,0,0,0
257964,1,0,0
209037,0,0,0
44268,1,1,0
39680,0,0,0
37524,1,0,0
6651,0,0,0
266240,0,0,0
237617,0,0,0
4199,0,0,0
256940,0,0,0
3315,0,0,0
82660,0,0,0
226014,1,1,0
79674,0,0,0
227491,0,0,0
42915,1,1,0
54719,0,0,0
206909,0,0,0
251666,0,0,0
211914,0,0,0
32976,0,0,0
236478,0,0,0
73189,0,0,0
148698,0,0,0
218672,0,0,0
57054,0,0,0
25,0,0,0
79517,0,0,0
35758,0,0,0
149060,1,1,0
62567,0,0,0
12372,0,0,0
31865,0,0,0
224421,0,0,0
30076,0,0,0
179125,0,0,0
83541,0,0,0
252442,1,1,0
205063,0,0,0
96639,0,0,0
17084,0,0,0
3525,0,0,0
52479,0,0,0
188263,0,0,0
154253,0,0,0
159877,0,0,0
2972,0,0,0
49480,0,0,0
183624,1,1,0
60226,0,0,0
61049,1,1,0
63695,0,0,0
22942,1,1,0
248344,0,0,0
209660,0,0,0
27830,1,1,0
24609,0,0,0
17682,0,0,0
189849,0,0,0
152649,0,0,0
45888,0,0,0
181876,0,0,0
12662,0,0,0
222827,0,0,0
158182,0,0,0
283004,0,0,0
149142,0,0,0
220045,0,0,0
63657,0,0,0
211439,0,0,0
75593,0,0,0
11613,0,0,0
11727,0,0,0
216191,0,0,0
254146,0,0,0
240191,1,1,0
26544,0,1,0
22987,0,0,0
6502,0,0,0
25755,1,1,0
8830,0,0,0
164151,1,1,0
61540,0,0,0
77337,0,0,0
183445,0,0,0
63169,0,0,0
62992,0,0,0
103725,0,0,0
275161,0,0,0
45083,0,0,0
234110,0,0,0
31034,0,0,0
246412,0,0,0
176816,0,0,0
36528,0,0,0
262753,1,0,0
270130,0,0,0
212730,0,0,0
83511,0,0,0
24654,0,0,0
26455,0,0,0
166602,0,0,0
164581,0,0,0
15609,1,1,0
144664,1,1,0
177907,0,0,0
641,0,0,0
237264,0,0,0
72684,0,0,0
29201,0,0,0
74220,0,0,0
272830,0,0,0
221813,0,0,0
197652,0,0,0
173412,1,1,0
43379,0,0,0
83154,0,0,0
14955,0,0,0
145544,1,1,0
9580,0,0,0
13918,1,1,0
40615,0,0,0
53497,1,0,0
202724,0,0,0
285287,0,0,0
54665,0,0,0
267168,1,0,0
22191,0,0,0
35442,1,1,0
9170,0,0,0
163195,1,1,0
5854,0,0,0
17294,0,0,0
23961,1,1,0
3399,0,0,0
82534,0,0,0
43199,0,0,0
279501,0,0,0
55219,0,0,0
65596,0,0,0
60389,0,0,0
270472,0,0,0
243386,1,1,0
72125,0,0,0
177766,0,0,0
150240,0,0,0
33671,1,0,0
169665,0,0,0
55522,1,0,0
182221,0,0,0
203514,0,0,0
241421,0,0,0
52305,0,0,0
164665,0,0,0
159872,0,0,0
3799,0,1,0
29755,0,0,0
56085,0,0,0
149998,0,0,0
191036,1,1,0
168704,0,0,0
7768,0,0,0
41431,0,0,0
274370,1,1,0
42430,1,0,0
56177,1,1,0
208649,0,0,0
63479,0,0,0
155175,0,0,0
157036,0,0,0
186298,1,0,0
29233,0,0,0
173111,0,0,0
62303,0,0,0
163728,1,0,0
3445,0,0,0
52870,1,1,0
195073,0,0,0
32522,0,0,0
32885,0,0,0
278164,0,0,0
30425,0,0,0
31265,1,1,0
167001,0,0,0
9250,0,0,0
156258,0,0,0
3840,1,1,0
60375,0,0,0
269312,0,0,0
105891,0,0,0
246116,0,0,0
989,0,0,0
78462,0,0,0
82842,0,0,0
240143,1,1,0
184263,0,0,0
39176,0,0,0
22773,0,0,0
184855,1,1,0
197882,1,0,0
163666,0,0,0
152599,0,0,0
26469,0,0,0
245407,0,0,0
188301,0,0,0
45201,0,0,0
49341,0,0,0
1082,0,0,0
245343,0,0,0
29625,1,1,0
7943,0,0,0
29482,0,0,0
31432,0,0,0
20152,1,1,0
256380,0,0,0
16623,0,0,0
44465,1,0,0
226710,0,0,0
208290,1,0,1
48033,0,0,0
39960,0,0,0
7569,0,0,0
34078,0,0,0
275329,1,0,0
52582,1,1,0
255547,0,0,0
8040,0,0,0
11707,0,0,0
28064,0,0,0
214387,0,0,0
156273,0,0,0
7073,0,0,0
48561,0,0,0
32312,0,0,0
52136,0,0,0
55502,0,0,0
76608,0,0,0
264643,0,0,0
211483,0,0,0
62042,0,0,0
19909,0,0,0
69212,0,0,0
238830,0,0,0
199558,0,0,0
179244,0,0,0
64787,0,0,0
240220,0,0,0
54604,0,0,0
197021,0,0,0
179676,0,0,0
26868,0,0,0
54962,0,0,0
142326,0,0,0
21378,0,0,0
2940,1,1,0
12257,0,0,0
29427,0,0,0
214493,0,0,0
81753,0,0,0
78685,0,0,0
44608,0,0,0
285995,0,0,0
8701,0,0,0
191018,0,0,0
33378,0,0,0
45706,0,0,0
276730,0,0,0
57853,0,0,0
43444,0,0,0
234711,0,0,0
236497,0,0,0
70359,0,0,0
158864,0,0,0
263693,1,1,0
16889,0,0,0
57538,0,0,0
67432,0,0,0
51496,0,0,0
246540,0,1,0
51209,1,1,0
257989,1,0,1
25604,1,1,0
231115,1,1,0
174523,0,0,0
49767,0,0,0
251,0,0,0
224344,1,1,0
198301,0,0,0
51228,1,1,0
221630,0,0,0
207129,0,0,0
160957,0,0,0
82831,1,1,0
26980,1,1,0
27866,0,0,0
38179,0,0,0
241846,0,0,0
247667,0,0,0
31709,1,0,0
355,0,0,0
223285,0,0,0
254836,0,0,0
7096,0,0,0
26134,0,0,0
20695,1,1,0
16158,0,0,0
10338,0,0,0
146449,1,0,0
173508,0,0,0
47462,1,0,0
9379,0,0,0
197632,0,0,0
271344,0,0,0
262500,1,0,0
142212,0,0,0
259417,0,0,0
4021,0,0,0
213961,0,0,0
248530,1,0,0
228066,0,0,0
36105,0,0,0
190543,0,0,0
233455,0,0,0
34657,1,1,0
265984,0,0,0
38320,0,0,0
104413,0,0,0
74577,0,0,0
66133,1,0,0
39955,0,0,0
276436,0,0,0
132037,0,0,0
238233,0,0,0
200323,0,0,0
6562,1,0,0
141094,0,0,0
27139,1,1,0
224689,0,0,0
53323,1,0,0
62044,1,0,0
32967,0,0,0
6482,0,0,0
28315,0,0,0
263068,0,0,0
211569,0,0,0
181125,0,0,0
10392,1,1,0
29160,0,0,0
60948,0,0,0
522,0,0,0
46246,1,1,0
199231,0,0,0
76102,0,0,0
40592,1,0,0
34867,1,1,0
282308,0,0,0
270303,0,0,0
260514,0,0,0
159476,0,0,0
257922,0,0,0
70820,0,0,0
46379,1,1,0
61823,0,0,0
247470,0,0,0
154249,1,1,0
236491,1,1,0
275115,0,0,0
41216,0,0,0
217859,0,0,0
9513,0,0,0
31008,0,0,0
62491,0,0,0
3961,0,0,0
26943,0,0,0
234100,0,0,0
158398,0,0,0
62568,0,0,0
146791,0,0,0
219715,0,0,0
280815,0,0,0
189466,0,0,0
258052,0,0,0
194474,0,0,0
191815,0,0,0
158235,0,0,0
239783,0,0,0
29710,1,1,0
1368,1,1,0
63973,0,0,0
49843,0,0,0
275376,0,0,0
275599,0,0,0
238484,0,0,0
69303,0,0,0
53116,1,0,0
25293,0,0,0
272577,0,0,0
36788,0,0,0
237939,0,0,0
38752,0,0,0
224813,0,0,0
39992,1,1,0
8512,0,0,0
226423,0,0,0
18282,0,0,0
26088,0,0,0
238984,0,0,0
272429,0,0,0
40500,0,0,0
152585,1,1,0
237289,0,0,0
143665,0,0,0
68937,0,0,0
144801,0,0,0
27754,0,0,0
67498,0,0,0
258198,0,0,0
260238,0,0,0
63966,0,0,0
31720,1,0,0
4335,0,0,0
453,0,0,0
148263,0,0,0
141915,0,0,0
130947,0,0,0
221040,0,0,0
255872,0,0,0
20579,0,0,0
36740,0,0,0
267952,0,0,0
267585,1,0,0
229047,0,0,0
34644,0,0,0
29952,0,0,0
237272,0,0,0
207088,0,0,0
37580,0,0,0
26905,0,0,0
51393,0,0,0
224394,0,0,0
273702,0,0,0
57482,0,0,0
63160,1,1,0
29555,0,0,0
65422,0,0,0
9510,0,0,0
13406,0,0,0
18049,0,0,0
170071,1,0,0
190385,0,0,0
4990,0,0,0
220838,0,0,0
271692,0,0,0
40060,0,1,0
206099,0,0,0
26309,0,0,0
4018,0,0,0
164404,0,0,0
22579,0,0,0
168795,0,0,0
14163,1,1,0
40142,0,0,0
251571,0,0,0
223632,0,0,0
7498,1,1,0
274515,0,0,0
16403,0,0,0
154051,0,0,0
13770,0,0,0
2317,0,0,0
222382,1,1,0
260496,0,0,0
281698,0,0,0
68576,0,0,0
69581,0,0,0
45565,0,0,0
232291,0,0,0
19091,0,0,0
221732,0,0,0
281890,1,1,0
49742,0,0,0
33583,0,0,0
55869,0,0,0
75884,0,0,0
1336,0,0,0
61760,1,0,0
18138,0,0,0
249554,0,0,0
142635,0,0,0
1859,0,0,0
62139,0,0,0
75554,0,0,0
261265,0,0,0
169732,0,0,0
33843,0,0,0
32311,1,1,0
216800,0,0,0
14951,1,1,0
40329,0,0,0
34497,0,0,0
146025,0,0,0
161922,0,0,0
146529,0,0,0
17178,0,0,0
223752,0,0,0
174454,0,0,0
79810,0,0,0
26567,0,0,0
199676,0,1,0
29317,0,0,0
110,0,0,0
267710,0,0,0
85067,0,0,0
11728,0,0,0
74073,0,0,0
58832,1,0,0
157516,0,0,0
51390,0,0,0
27783,0,0,0
48371,0,0,0
264039,0,0,0
16731,0,0,0
227543,0,0,0
173311,0,0,0
58985,0,0,0
156748,1,1,0
18329,0,0,0
11082,0,0,0
187011,1,1,0
63392,1,1,0
153380,1,0,0
62377,0,0,0
29470,0,0,0
19487,0,0,0
153435,0,0,0
36022,0,0,0
25651,1,1,0
4004,0,0,0
146509,1,1,0
41816,1,1,0
196413,0,0,0
77899,0,0,0
280239,0,0,0
65483,1,0,0
264623,0,0,0
32628,0,0,0
231860,0,0,0
62018,0,0,0
156993,0,0,0
853,1,1,0
11132,0,0,0
79980,0,0,0
6628,0,0,0
245752,0,0,0
265240,0,0,0
13890,0,0,0
228296,0,0,0
226906,1,1,0
26929,0,0,0
81953,0,0,0
280294,0,0,0
80946,0,0,0
27359,0,0,0
169045,0,0,0
7192,1,1,0
263665,0,0,0
70333,1,0,0
66661,1,0,0
134280,1,0,0
50399,0,0,0
7586,1,0,0
64369,1,0,0
30820,0,0,0
220129,1,1,0
64314,0,0,0
18161,0,0,0
32382,0,0,0
16394,1,1,0
267558,1,0,0
153142,0,0,0
17058,0,0,0
244077,0,0,0
173377,0,0,0
56452,1,1,0
31559,0,0,0
142757,0,0,0
158966,0,0,0
33634,0,0,0
244658,0,0,0
71189,0,0,0
180148,1,1,0
60798,0,0,0
666,1,1,0
169202,0,0,0
228327,1,1,0
28671,1,1,0
277182,1,1,0
165289,0,0,0
73357,1,0,0
278633,0,0,0
76676,0,0,0
63469,1,0,0
159131,0,0,0
152029,0,0,0
25186,1,1,0
252070,0,0,0
51162,0,0,0
284588,0,0,0
153280,1,1,0
283343,0,0,0
65814,1,1,0
1129,0,0,0
234523,0,0,0
75754,0,0,0
1249,0,0,0
31314,0,0,0
19597,0,0,0
166577,0,0,0
202165,0,0,0
51967,1,1,0
35169,0,0,0
3487,0,0,0
67755,0,0,0
257668,0,0,0
66328,0,0,0
800,0,0,0
173466,0,0,0
3193,0,0,0
145309,0,0,0
162552,0,0,0
204845,0,0,0
180663,0,0,0
57491,0,0,0
46669,0,0,0
76185,0,0,0
217681,0,0,0
39191,0,0,0
171067,1,1,0
38148,0,0,0
162117,0,0,0
276941,0,0,0
185724,0,0,0
25597,0,0,0
170031,0,0,0
280558,1,0,0
44901,1,1,0
210533,0,0,0
33497,0,0,0
78918,0,0,0
173282,0,0,0
43179,1,1,0
52575,0,0,0
39811,0,0,0
62245,0,0,0
225911,0,0,0
4632,1,1,0
242792,0,0,0
21528,0,0,0
281307,0,0,0
146579,1,1,0
10903,0,0,0
44580,0,0,0
38865,0,0,0
174206,0,0,0
29750,1,1,0
234607,1,1,0
32946,1,0,1
178916,1,1,0
142464,1,1,0
26896,0,0,0
244691,1,0,0
177979,0,0,0
40431,1,1,0
39986,1,1,0
25659,0,0,0
264984,0,0,0
15150,0,0,0
65337,0,0,0
79582,0,0,0
29722,0,0,0
68551,0,0,0
209829,0,0,0
50065,0,0,0
26836,0,0,0
192582,0,0,0
144612,1,0,0
243706,1,1,0
25676,0,0,0
173610,0,0,0
25613,0,0,0
247244,0,0,0
29093,1,1,0
49960,0,0,0
36044,0,0,0
588,1,0,1
26941,0,0,0
49528,0,0,0
236688,0,0,0
70021,0,0,0
138053,1,1,0
7956,0,0,0
152067,0,0,0
52385,0,0,0
239978,0,0,0
151575,1,1,0
132148,1,1,0
268511,0,0,0
140137,0,0,0
30574,0,0,0
284313,0,0,0
232801,0,0,0
158217,0,0,0
54304,0,0,0
279449,0,0,0
181164,1,0,0
12087,0,0,0
173427,0,0,0
179759,0,0,0
200383,1,0,1
24696,0,0,0
270774,1,1,0
278973,0,0,0
180121,0,0,0
17633,0,0,0
36363,0,0,0
235241,0,0,0
173452,0,0,0
163883,1,1,0
71221,0,0,0
262280,0,0,0
52150,0,0,0
164722,0,0,0
259520,0,0,0
78466,0,0,0
186469,0,0,0
52381,0,0,0
71351,0,0,0
278133,0,0,0
160327,0,0,0
48997,0,0,0
12340,0,0,0
72093,0,0,0
15581,0,0,0
57205,0,0,0
29445,0,0,0
56570,0,0,0
271697,1,1,0
7616,0,0,0
244973,0,0,0
182483,0,0,0
12524,1,1,0
26994,0,0,0
159898,0,0,0
200859,0,0,0
11222,0,0,0
12613,0,0,0
247571,0,0,0
14414,0,0,0
40249,1,1,0
72616,0,0,0
69501,0,0,0
19159,0,0,0
5662,0,0,0
159498,0,0,0
241695,0,0,0
186475,0,0,0
9387,0,0,0
232292,0,0,0
161926,0,0,0
26292,0,0,0
214010,0,0,0
152680,1,1,0
52360,0,0,0
275586,1,0,0
3149,0,0,0
32435,0,0,0
192556,0,0,0
226869,0,0,0
50043,0,0,0
8718,0,0,0
22116,0,0,0
259330,0,0,0
68720,0,0,0
254513,0,0,0
27428,0,0,0
218578,0,0,0
26851,0,0,0
84085,0,0,0
194915,0,0,0
146775,0,0,0
280173,0,0,0
69781,0,0,0
65283,1,0,0
167221,0,0,0
55981,0,0,0
270749,0,0,0
247861,1,1,0
151958,0,0,0
220466,0,0,0
252341,0,0,0
151880,0,0,0
268981,0,0,0
33089,0,0,0
256099,0,0,0
14106,0,0,0
118813,0,0,0
10851,0,0,0
219088,0,0,0
267428,0,0,0
15794,0,0,0
282220,1,1,0
231719,0,0,0
60025,1,0,0
37961,0,0,0
34224,1,0,0
494,0,0,0
236807,0,0,0
23248,0,0,0
58068,0,0,0
145065,0,0,0
187183,0,0,0
62039,0,0,0
41396,0,0,0
18200,0,0,0
229540,0,0,0
212669,0,0,0
168322,0,0,0
211635,0,0,0
267569,0,0,0
175128,0,0,0
3768,0,0,0
270739,0,0,0
477,1,1,0
233310,1,1,0
248477,0,0,0
70635,0,0,0
279555,0,0,0
280813,0,0,0
649,0,0,0
162722,0,0,0
147308,1,1,0
44474,0,0,0
4654,0,0,0
33654,0,0,0
179319,0,0,0
269357,0,0,0
51491,1,0,0
141606,0,0,0
2522,0,0,0
24097,0,0,0
195312,0,0,0
152911,0,0,0
216676,0,0,0
23404,0,1,0
56700,1,1,0
43611,0,0,0
149521,0,0,0
78603,0,0,0
229559,0,0,0
63023,0,0,0
206349,0,0,0
45142,1,1,0
61966,0,0,0
8886,1,1,0
252931,0,0,0
158063,0,0,0
202439,1,0,1
173416,0,0,0
53844,0,0,0
102774,0,0,0
190418,0,0,0
270111,0,0,0
277677,1,1,0
264095,0,0,0
45443,0,0,0
284177,0,0,0
78938,0,0,0
177793,0,0,0
284748,0,0,0
198443,1,1,0
64858,1,1,0
232468,0,0,0
221389,0,0,0
164223,1,0,0
242853,0,0,0
177865,0,0,0
272705,0,0,0
52973,0,0,0
25644,0,0,0
28194,0,0,0
21544,0,0,0
241285,0,0,0
43565,0,0,0
191860,0,0,0
31545,0,0,0
28587,1,1,0
72750,0,0,0
241644,0,0,0
172326,1,1,0
65209,0,0,0
231391,0,0,0
16392,0,0,0
266802,1,1,0
71533,1,0,0
75408,0,0,0
6500,0,0,0
282608,0,0,0
29334,0,0,0
49474,0,1,0
206778,0,0,0
34970,0,0,0
2382,0,0,0
199268,1,1,0
255783,0,0,0
66929,0,0,0
284915,1,1,0
52524,0,0,0
538,0,0,0
229944,0,0,0
220355,0,0,0
44258,0,0,0
45890,0,0,0
46151,0,0,0
233773,0,0,0
230071,0,0,0
248797,0,0,0
78499,1,1,0
63853,0,0,0
63701,0,0,0
29,0,0,0
54044,1,1,0
261644,0,0,0
47481,0,0,0
284192,0,0,0
250187,0,0,0
113656,1,1,0
4846,0,0,0
156368,1,0,0
58304,1,1,0
259471,0,0,0
216470,0,0,0
229962,0,0,0
42335,0,0,0
32981,1,0,0
37572,0,0,0
38529,0,0,0
175886,0,0,0
251840,1,1,0
228927,0,0,0
246760,0,0,0
231536,0,0,0
276948,0,0,0
69229,0,0,0
178505,0,0,0
249299,0,0,0
255241,0,0,0
163744,0,0,0
184135,0,0,0
58608,0,0,0
174102,0,0,0
757,1,1,0
262071,1,1,0
12657,0,0,0
189627,0,0,0
42783,0,0,0
25616,0,0,0
220302,0,0,0
242953,0,0,0
59221,0,0,0
22075,0,0,0
228623,1,1,0
31071,0,0,0
232169,0,0,0
208625,0,0,0
163835,0,0,0
80783,1,1,0
239,0,0,0
29378,1,1,0
216514,0,0,0
82916,1,1,0
40133,0,0,0
31921,1,1,0
46204,1,0,0
52139,0,0,0
2515,0,0,0
140673,0,0,0
23153,1,0,1
182223,1,0,0
12019,0,0,0
170152,0,0,0
156887,1,1,0
36092,0,0,0
234125,0,0,0
58330,0,0,0
15700,0,0,0
33684,0,0,0
171652,0,0,0
279046,0,0,0
171114,0,0,0
269368,0,0,0
23412,1,1,0
15161,0,0,0
198849,0,0,0
283734,0,0,0
254484,1,1,0
192901,0,0,0
204051,0,0,0
258974,0,0,0
178978,0,0,0
26240,1,0,0
11423,1,0,0
237377,0,0,0
38638,0,0,0
234610,0,0,0
21126,0,0,0
202131,0,0,0
28820,0,0,0
175150,0,0,0
67106,1,1,0
225954,0,0,0
258972,0,0,0
250191,1,0,0
239331,1,1,0
239244,0,0,0
275024,1,1,0
2279,0,0,0
15568,0,0,0
206347,0,0,0
10604,1,0,0
11714,0,0,0
18158,1,0,0
188056,1,0,0
27842,0,0,0
253410,0,0,0
24663,0,0,0
9766,0,0,0
256171,1,1,0
7868,0,0,0
277016,1,0,1
28090,0,0,0
57890,0,0,0
258037,0,0,0
137346,1,1,0
26889,1,1,0
234965,0,0,0
215081,1,1,0
20682,0,0,0
261751,1,0,0
44599,0,0,0
50114,1,1,0
29567,0,0,0
156861,1,1,0
46159,0,0,0
11836,0,0,0
144046,0,0,0
207512,0,0,0
270006,0,0,0
180090,0,0,0
8260,0,0,0
75901,0,0,0
29313,0,0,0
67963,0,0,0
32204,0,0,0
9003,0,0,0
181640,0,0,0
60500,0,0,0
28773,0,0,0
187776,0,0,0
251503,0,0,0
245396,0,0,0
42683,0,0,0
3524,1,1,0
56626,0,0,0
265582,0,0,0
14098,0,0,0
196143,0,0,0
26753,0,0,0
72446,1,0,1
217785,0,0,0
275881,1,1,0
85251,1,0,0
32370,0,0,0
272059,0,0,0
59445,0,0,0
153148,0,0,0
169397,0,0,0
270209,1,0,0
173820,0,0,0
64080,0,0,0
67217,0,0,0
278994,0,0,0
213665,1,0,0
37929,0,0,0
165562,1,1,0
16402,0,0,0
188947,0,0,0
161075,1,0,1
168618,0,0,0
58326,0,0,0
49052,1,1,0
218106,0,0,0
51602,0,0,0
176821,0,0,0
13003,1,0,0
229231,0,0,0
84776,1,1,0
17519,0,0,0
77779,0,0,0
265381,0,0,0
241659,0,0,0
164262,0,0,0
13142,0,0,0
177510,0,0,0
218358,0,0,0
69589,0,0,0
158160,0,0,0
7509,0,0,0
30356,0,0,0
253169,0,0,0
3425,0,0,0
13108,0,0,0
9988,0,0,0
181421,0,0,0
27210,0,0,0
225904,0,0,0
72582,1,1,0
149220,0,0,0
271820,0,0,0
175046,0,0,0
14162,0,0,0
282282,0,0,0
74915,0,0,0
216065,0,0,0
271627,0,0,0
42003,0,0,0
269806,0,0,0
20489,0,0,0
28333,0,0,0
12098,0,0,0
2108,0,0,0
64133,1,1,0
61276,0,0,0
1794,0,0,0
52999,0,0,0
277304,0,0,0
204210,0,0,0
150733,0,0,0
220981,1,1,0
21535,0,0,0
48376,0,0,0
274239,0,0,0
8262,0,0,0
19916,0,0,0
42030,0,0,0
26371,0,0,0
110782,0,0,0
23308,0,0,0
29209,0,0,0
76048,0,0,0
38774,0,0,0
12678,0,0,0
273882,0,0,0
48248,1,1,0
275461,0,0,0
195336,0,0,0
203302,0,0,0
33855,0,0,0
30958,0,0,0
29521,1,0,0
81376,0,0,0
1669,1,0,0
57324,0,0,0
89377,0,0,0
242294,0,0,0
264305,0,0,0
154896,0,0,0
228030,0,0,0
5346,1,0,0
13251,0,0,0
227941,1,0,0
51468,0,0,0
182374,0,0,0
284591,0,0,0
214089,1,0,0
172682,0,0,0
72951,0,0,0
240503,0,0,0
55552,0,0,0
285250,1,0,0
43695,0,0,0
127830,0,0,0
35042,0,0,0
223337,0,0,0
258290,0,0,0
7182,0,0,0
5475,0,0,0
255663,0,0,0
4547,0,0,0
151902,0,0,0
18834,0,0,0
58670,0,0,0
34466,1,1,0
199085,0,0,0
11438,0,0,0
196305,0,0,0
167365,0,0,0
63597,0,0,0
179482,0,0,0
8762,1,1,0
67419,0,0,0
9359,1,1,0
29703,0,0,0
28750,1,1,0
32151,0,0,0
276116,0,0,0
282,1,0,1
55173,0,0,0
169958,0,0,0
281257,1,1,0
103556,0,0,0
82967,1,0,0
48070,0,0,0
31395,0,0,0
84665,0,0,0
5924,1,0,0
160788,1,0,0
55122,0,0,0
11737,1,1,0
184549,0,0,0
28874,0,0,0
25819,0,0,0
61222,0,0,0
52367,1,0,0
219155,0,0,0
29339,0,0,0
156737,0,0,0
18131,1,1,0
39185,1,1,0
190583,0,0,0
143610,0,0,0
237608,0,0,0
231951,1,1,0
214865,0,0,0
12880,1,1,0
244548,0,0,0
197,1,1,0
29336,0,0,0
229178,0,0,0
227224,0,0,0
62477,0,0,0
18957,0,0,0
249791,0,0,0
161522,1,1,0
54902,0,0,0
202016,0,0,0
181556,0,0,0
188510,0,0,0
276816,0,0,0
67367,0,0,0
52810,0,0,0
198363,0,0,0
227895,0,0,0
278755,0,0,0
228989,0,0,0
280594,0,0,0
158429,0,0,0
213521,1,1,0
150546,0,0,0
270412,0,0,0
232765,0,0,0
106778,0,0,0
12625,0,0,0
153516,0,0,0
237126,0,0,0
11709,0,0,0
172900,1,0,0
46635,1,1,0
42495,0,0,0
279141,0,0,0
69199,0,0,0
73960,0,0,0
167805,0,0,0
148306,1,1,0
38380,1,1,0
205364,0,0,0
190816,0,0,0
5585,0,0,0
257986,0,0,0
46157,0,0,0
17518,0,0,0
48760,0,0,0
5444,0,0,0
204886,1,0,0
40251,0,0,0
157923,1,0,0
234840,0,0,0
209158,1,1,0
151961,0,0,0
281386,0,0,0
82817,0,0,0
262154,0,0,0
50501,0,0,0
282975,1,1,0
83974,0,0,0
225353,0,0,0
51538,0,0,0
54574,1,0,0
141505,1,0,0
217570,0,0,0
147758,1,0,0
217601,0,0,0
80485,0,0,0
64338,0,0,0
26471,0,0,0
223078,1,1,0
38904,0,0,0
26956,0,0,0
197514,0,0,0
179684,0,0,0
63505,0,0,0
